condition,depth,n,com_margin_last1s_med,dcm_margin_last1s_med,tilt_max_deg_med,ee_jitter_l_med,steps_mean,fall_rate
l1/isaac,0,288,0.115069,,,,,
l1/isaac,0.1,288,0.11899,,,,,
l1/isaac,0.2,288,0.118919,,,,,
l1/isaac,0.3,288,0.120091,,,,,
l1/isaac,0.4,288,0.12104,,,,,
l1/isaac,0.5,288,0.121862,,,,,
l1/isaac,0.6,288,0.122197,,,,,
l1/isaac,0.7,288,0.122419,,,,,
l1/isaac,0.8,288,0.121665,,,,,
l1/isaac,0.9,288,0.120461,,,,,
l1/isaac,1,288,0.119739,,,,,
l0.5/isaac,0,288,0.118448,,,,,
l0.5/isaac,0.1,288,0.120388,,,,,
l0.5/isaac,0.2,288,0.119718,,,,,
l0.5/isaac,0.3,288,0.122583,,,,,
l0.5/isaac,0.4,288,0.120366,,,,,
l0.5/isaac,0.5,288,0.12157,,,,,
l0.5/isaac,0.6,288,0.120122,,,,,
l0.5/isaac,0.7,288,0.122925,,,,,
l0.5/isaac,0.8,288,0.122632,,,,,
l0.5/isaac,0.9,288,0.12291,,,,,
l0.5/isaac,1,288,0.123367,,,,,
l0/isaac,0,288,0.122213,,,,,
l0/isaac,0.1,288,0.1213,,,,,
l0/isaac,0.2,288,0.121562,,,,,
l0/isaac,0.3,288,0.122063,,,,,
l0/isaac,0.4,288,0.122421,,,,,
l0/isaac,0.5,288,0.122319,,,,,
l0/isaac,0.6,288,0.124428,,,,,
l0/isaac,0.7,288,0.124135,,,,,
l0/isaac,0.8,288,0.124226,,,,,
l0/isaac,0.9,288,0.12457,,,,,
l0/isaac,1,288,0.124767,,,,,
whole/isaac,0,288,0.118505,,,,,
whole/isaac,0.1,288,0.117231,,,,,
whole/isaac,0.2,288,0.119126,,,,,
whole/isaac,0.3,288,0.120785,,,,,
whole/isaac,0.4,288,0.120404,,,,,
whole/isaac,0.5,288,0.118852,,,,,
whole/isaac,0.6,288,0.119124,,,,,
whole/isaac,0.7,288,0.118524,,,,,
whole/isaac,0.8,288,0.119446,,,,,
whole/isaac,0.9,288,0.119624,,,,,
whole/isaac,1,288,0.120464,,,,,
l0.5_52k/isaac,0,288,0.120212,,,,,
l0.5_52k/isaac,0.1,288,0.119889,,,,,
l0.5_52k/isaac,0.2,288,0.119784,,,,,
l0.5_52k/isaac,0.3,288,0.12111,,,,,
l0.5_52k/isaac,0.4,288,0.121031,,,,,
l0.5_52k/isaac,0.5,288,0.122765,,,,,
l0.5_52k/isaac,0.6,288,0.123039,,,,,
l0.5_52k/isaac,0.7,288,0.12451,,,,,
l0.5_52k/isaac,0.8,288,0.125265,,,,,
l0.5_52k/isaac,0.9,288,0.125494,,,,,
l0.5_52k/isaac,1,288,0.126697,,,,,
l1/isaac_legs_blind,0,288,0.117745,,,,,
l1/isaac_legs_blind,0.1,288,0.118553,,,,,
l1/isaac_legs_blind,0.2,288,0.11926,,,,,
l1/isaac_legs_blind,0.3,288,0.120001,,,,,
l1/isaac_legs_blind,0.4,288,0.12087,,,,,
l1/isaac_legs_blind,0.5,288,0.121753,,,,,
l1/isaac_legs_blind,0.6,288,0.122081,,,,,
l1/isaac_legs_blind,0.7,288,0.121953,,,,,
l1/isaac_legs_blind,0.8,288,0.122667,,,,,
l1/isaac_legs_blind,0.9,288,0.123775,,,,,
l1/isaac_legs_blind,1,288,0.123499,,,,,
l1/isaac_arms_ik,0,96,0.120867,,,,,
l1/isaac_arms_ik,0.1,96,0.123097,,,,,
l1/isaac_arms_ik,0.2,96,0.122075,,,,,
l1/isaac_arms_ik,0.3,96,0.121838,,,,,
l1/isaac_arms_ik,0.4,96,0.124121,,,,,
l1/isaac_arms_ik,0.5,96,0.125144,,,,,
l1/isaac_arms_ik,0.6,96,0.125487,,,,,
l1/isaac_arms_ik,0.7,96,0.123749,,,,,
l1/isaac_arms_ik,0.8,96,0.125002,,,,,
l1/isaac_arms_ik,0.9,96,0.123835,,,,,
l1/isaac_arms_ik,1,96,0.123055,,,,,
l1/isaac,0,288,,0.110905,,,,
l1/isaac,0.1,288,,0.11409,,,,
l1/isaac,0.2,288,,0.116348,,,,
l1/isaac,0.3,288,,0.117355,,,,
l1/isaac,0.4,288,,0.118589,,,,
l1/isaac,0.5,288,,0.119515,,,,
l1/isaac,0.6,288,,0.120367,,,,
l1/isaac,0.7,288,,0.120894,,,,
l1/isaac,0.8,288,,0.121211,,,,
l1/isaac,0.9,288,,0.120535,,,,
l1/isaac,1,288,,0.119802,,,,
l0.5/isaac,0,288,,0.11446,,,,
l0.5/isaac,0.1,288,,0.117864,,,,
l0.5/isaac,0.2,288,,0.117633,,,,
l0.5/isaac,0.3,288,,0.120314,,,,
l0.5/isaac,0.4,288,,0.119197,,,,
l0.5/isaac,0.5,288,,0.121353,,,,
l0.5/isaac,0.6,288,,0.119703,,,,
l0.5/isaac,0.7,288,,0.121296,,,,
l0.5/isaac,0.8,288,,0.121123,,,,
l0.5/isaac,0.9,288,,0.121604,,,,
l0.5/isaac,1,288,,0.121529,,,,
l0/isaac,0,288,,0.121729,,,,
l0/isaac,0.1,288,,0.120855,,,,
l0/isaac,0.2,288,,0.121002,,,,
l0/isaac,0.3,288,,0.121747,,,,
l0/isaac,0.4,288,,0.121943,,,,
l0/isaac,0.5,288,,0.122217,,,,
l0/isaac,0.6,288,,0.123187,,,,
l0/isaac,0.7,288,,0.123419,,,,
l0/isaac,0.8,288,,0.123509,,,,
l0/isaac,0.9,288,,0.1231,,,,
l0/isaac,1,288,,0.123763,,,,
whole/isaac,0,288,,0.114368,,,,
whole/isaac,0.1,288,,0.114011,,,,
whole/isaac,0.2,288,,0.116455,,,,
whole/isaac,0.3,288,,0.118144,,,,
whole/isaac,0.4,288,,0.118138,,,,
whole/isaac,0.5,288,,0.117072,,,,
whole/isaac,0.6,288,,0.117595,,,,
whole/isaac,0.7,288,,0.117289,,,,
whole/isaac,0.8,288,,0.117875,,,,
whole/isaac,0.9,288,,0.11853,,,,
whole/isaac,1,288,,0.118714,,,,
l0.5_52k/isaac,0,288,,0.115579,,,,
l0.5_52k/isaac,0.1,288,,0.116001,,,,
l0.5_52k/isaac,0.2,288,,0.117538,,,,
l0.5_52k/isaac,0.3,288,,0.118032,,,,
l0.5_52k/isaac,0.4,288,,0.120135,,,,
l0.5_52k/isaac,0.5,288,,0.121613,,,,
l0.5_52k/isaac,0.6,288,,0.12126,,,,
l0.5_52k/isaac,0.7,288,,0.123302,,,,
l0.5_52k/isaac,0.8,288,,0.122991,,,,
l0.5_52k/isaac,0.9,288,,0.1237,,,,
l0.5_52k/isaac,1,288,,0.124643,,,,
l1/isaac_legs_blind,0,288,,0.112882,,,,
l1/isaac_legs_blind,0.1,288,,0.113062,,,,
l1/isaac_legs_blind,0.2,288,,0.115135,,,,
l1/isaac_legs_blind,0.3,288,,0.115663,,,,
l1/isaac_legs_blind,0.4,288,,0.117038,,,,
l1/isaac_legs_blind,0.5,288,,0.117987,,,,
l1/isaac_legs_blind,0.6,288,,0.118086,,,,
l1/isaac_legs_blind,0.7,288,,0.118649,,,,
l1/isaac_legs_blind,0.8,288,,0.120531,,,,
l1/isaac_legs_blind,0.9,288,,0.121173,,,,
l1/isaac_legs_blind,1,288,,0.120425,,,,
l1/isaac_arms_ik,0,96,,0.118181,,,,
l1/isaac_arms_ik,0.1,96,,0.120125,,,,
l1/isaac_arms_ik,0.2,96,,0.11916,,,,
l1/isaac_arms_ik,0.3,96,,0.119927,,,,
l1/isaac_arms_ik,0.4,96,,0.122916,,,,
l1/isaac_arms_ik,0.5,96,,0.122342,,,,
l1/isaac_arms_ik,0.6,96,,0.123582,,,,
l1/isaac_arms_ik,0.7,96,,0.122619,,,,
l1/isaac_arms_ik,0.8,96,,0.12359,,,,
l1/isaac_arms_ik,0.9,96,,0.121589,,,,
l1/isaac_arms_ik,1,96,,0.121954,,,,
l1/isaac,0,288,,,6.59474,,,
l1/isaac,0.1,288,,,6.39726,,,
l1/isaac,0.2,288,,,6.24804,,,
l1/isaac,0.3,288,,,6.45451,,,
l1/isaac,0.4,288,,,6.57683,,,
l1/isaac,0.5,288,,,6.74869,,,
l1/isaac,0.6,288,,,6.93011,,,
l1/isaac,0.7,288,,,7.42755,,,
l1/isaac,0.8,288,,,8.10339,,,
l1/isaac,0.9,288,,,8.79582,,,
l1/isaac,1,288,,,9.46165,,,
l0.5/isaac,0,288,,,7.12322,,,
l0.5/isaac,0.1,288,,,6.94952,,,
l0.5/isaac,0.2,288,,,6.93106,,,
l0.5/isaac,0.3,288,,,6.80376,,,
l0.5/isaac,0.4,288,,,6.8404,,,
l0.5/isaac,0.5,288,,,6.87579,,,
l0.5/isaac,0.6,288,,,6.84188,,,
l0.5/isaac,0.7,288,,,6.98184,,,
l0.5/isaac,0.8,288,,,7.02408,,,
l0.5/isaac,0.9,288,,,7.37623,,,
l0.5/isaac,1,288,,,7.56295,,,
l0/isaac,0,288,,,12.5089,,,
l0/isaac,0.1,288,,,12.2875,,,
l0/isaac,0.2,288,,,12.183,,,
l0/isaac,0.3,288,,,11.8495,,,
l0/isaac,0.4,288,,,11.7425,,,
l0/isaac,0.5,288,,,11.6921,,,
l0/isaac,0.6,288,,,12.056,,,
l0/isaac,0.7,288,,,12.1986,,,
l0/isaac,0.8,288,,,12.3936,,,
l0/isaac,0.9,288,,,12.781,,,
l0/isaac,1,288,,,13.3806,,,
whole/isaac,0,288,,,6.21189,,,
whole/isaac,0.1,288,,,5.9081,,,
whole/isaac,0.2,288,,,5.83813,,,
whole/isaac,0.3,288,,,6.09396,,,
whole/isaac,0.4,288,,,6.22691,,,
whole/isaac,0.5,288,,,6.46017,,,
whole/isaac,0.6,288,,,6.79673,,,
whole/isaac,0.7,288,,,7.16257,,,
whole/isaac,0.8,288,,,7.58813,,,
whole/isaac,0.9,288,,,7.99714,,,
whole/isaac,1,288,,,8.49759,,,
l0.5_52k/isaac,0,288,,,7.08328,,,
l0.5_52k/isaac,0.1,288,,,6.71292,,,
l0.5_52k/isaac,0.2,288,,,6.68433,,,
l0.5_52k/isaac,0.3,288,,,6.43752,,,
l0.5_52k/isaac,0.4,288,,,6.21774,,,
l0.5_52k/isaac,0.5,288,,,6.09131,,,
l0.5_52k/isaac,0.6,288,,,6.06888,,,
l0.5_52k/isaac,0.7,288,,,5.85227,,,
l0.5_52k/isaac,0.8,288,,,5.77466,,,
l0.5_52k/isaac,0.9,288,,,5.74447,,,
l0.5_52k/isaac,1,288,,,5.95005,,,
l1/isaac_legs_blind,0,288,,,6.00804,,,
l1/isaac_legs_blind,0.1,288,,,5.92282,,,
l1/isaac_legs_blind,0.2,288,,,5.93807,,,
l1/isaac_legs_blind,0.3,288,,,5.98279,,,
l1/isaac_legs_blind,0.4,288,,,5.95853,,,
l1/isaac_legs_blind,0.5,288,,,6.01986,,,
l1/isaac_legs_blind,0.6,288,,,5.9885,,,
l1/isaac_legs_blind,0.7,288,,,6.04369,,,
l1/isaac_legs_blind,0.8,288,,,6.01258,,,
l1/isaac_legs_blind,0.9,288,,,6.02071,,,
l1/isaac_legs_blind,1,288,,,6.00702,,,
l1/isaac_arms_ik,0,96,,,6.48243,,,
l1/isaac_arms_ik,0.1,96,,,6.31698,,,
l1/isaac_arms_ik,0.2,96,,,6.12406,,,
l1/isaac_arms_ik,0.3,96,,,6.11401,,,
l1/isaac_arms_ik,0.4,96,,,6.26774,,,
l1/isaac_arms_ik,0.5,96,,,6.59976,,,
l1/isaac_arms_ik,0.6,96,,,7.07866,,,
l1/isaac_arms_ik,0.7,96,,,7.52255,,,
l1/isaac_arms_ik,0.8,96,,,7.84682,,,
l1/isaac_arms_ik,0.9,96,,,8.82234,,,
l1/isaac_arms_ik,1,96,,,9.39118,,,
l1/isaac,0,288,,,,25.4253,,
l1/isaac,0.1,288,,,,23.5034,,
l1/isaac,0.2,288,,,,20.4425,,
l1/isaac,0.3,288,,,,20.4885,,
l1/isaac,0.4,288,,,,20.7049,,
l1/isaac,0.5,288,,,,21.1355,,
l1/isaac,0.6,288,,,,21.5188,,
l1/isaac,0.7,288,,,,23.0378,,
l1/isaac,0.8,288,,,,22.7497,,
l1/isaac,0.9,288,,,,27.504,,
l1/isaac,1,288,,,,27.9647,,
l0.5/isaac,0,288,,,,19.8891,,
l0.5/isaac,0.1,288,,,,17.6245,,
l0.5/isaac,0.2,288,,,,16.7598,,
l0.5/isaac,0.3,288,,,,16.4241,,
l0.5/isaac,0.4,288,,,,16.5151,,
l0.5/isaac,0.5,288,,,,17.5321,,
l0.5/isaac,0.6,288,,,,18.8913,,
l0.5/isaac,0.7,288,,,,20.6801,,
l0.5/isaac,0.8,288,,,,22.3346,,
l0.5/isaac,0.9,288,,,,23.0296,,
l0.5/isaac,1,288,,,,26.7824,,
l0/isaac,0,288,,,,19.3454,,
l0/isaac,0.1,288,,,,18.4798,,
l0/isaac,0.2,288,,,,17.4442,,
l0/isaac,0.3,288,,,,16.8658,,
l0/isaac,0.4,288,,,,17.0112,,
l0/isaac,0.5,288,,,,17.4276,,
l0/isaac,0.6,288,,,,18.8302,,
l0/isaac,0.7,288,,,,20.9755,,
l0/isaac,0.8,288,,,,22.5671,,
l0/isaac,0.9,288,,,,23.987,,
l0/isaac,1,288,,,,25.4874,,
whole/isaac,0,288,,,,16.9438,,
whole/isaac,0.1,288,,,,15.765,,
whole/isaac,0.2,288,,,,15.4004,,
whole/isaac,0.3,288,,,,14.4121,,
whole/isaac,0.4,288,,,,14.403,,
whole/isaac,0.5,288,,,,14.9339,,
whole/isaac,0.6,288,,,,15.2681,,
whole/isaac,0.7,288,,,,17.2159,,
whole/isaac,0.8,288,,,,19.0217,,
whole/isaac,0.9,288,,,,20.0232,,
whole/isaac,1,288,,,,23.5349,,
l0.5_52k/isaac,0,288,,,,19.484,,
l0.5_52k/isaac,0.1,288,,,,19.2201,,
l0.5_52k/isaac,0.2,288,,,,18.2129,,
l0.5_52k/isaac,0.3,288,,,,18.2067,,
l0.5_52k/isaac,0.4,288,,,,17.8317,,
l0.5_52k/isaac,0.5,288,,,,19.3375,,
l0.5_52k/isaac,0.6,288,,,,20.3529,,
l0.5_52k/isaac,0.7,288,,,,20.5466,,
l0.5_52k/isaac,0.8,288,,,,23.0909,,
l0.5_52k/isaac,0.9,288,,,,23.2412,,
l0.5_52k/isaac,1,288,,,,26.4099,,
l1/isaac_legs_blind,0,288,,,,24.9952,,
l1/isaac_legs_blind,0.1,288,,,,24.3066,,
l1/isaac_legs_blind,0.2,288,,,,23.1734,,
l1/isaac_legs_blind,0.3,288,,,,23.3397,,
l1/isaac_legs_blind,0.4,288,,,,23.2074,,
l1/isaac_legs_blind,0.5,288,,,,24.8827,,
l1/isaac_legs_blind,0.6,288,,,,25.1527,,
l1/isaac_legs_blind,0.7,288,,,,26.4444,,
l1/isaac_legs_blind,0.8,288,,,,30.0519,,
l1/isaac_legs_blind,0.9,288,,,,31.1963,,
l1/isaac_legs_blind,1,288,,,,35.1372,,
l1/isaac_arms_ik,0,96,,,,24.3153,,
l1/isaac_arms_ik,0.1,96,,,,20.9829,,
l1/isaac_arms_ik,0.2,96,,,,17.4612,,
l1/isaac_arms_ik,0.3,96,,,,14.1553,,
l1/isaac_arms_ik,0.4,96,,,,14.0647,,
l1/isaac_arms_ik,0.5,96,,,,14.1713,,
l1/isaac_arms_ik,0.6,96,,,,14.7315,,
l1/isaac_arms_ik,0.7,96,,,,12.0617,,
l1/isaac_arms_ik,0.8,96,,,,13.7492,,
l1/isaac_arms_ik,0.9,96,,,,13.589,,
l1/isaac_arms_ik,1,96,,,,14.5379,,
l1/isaac,0,288,,,,,3.31707,
l1/isaac,0.1,288,,,,,2.7561,
l1/isaac,0.2,288,,,,,2.20833,
l1/isaac,0.3,288,,,,,1.63542,
l1/isaac,0.4,288,,,,,1.47569,
l1/isaac,0.5,288,,,,,1.24306,
l1/isaac,0.6,288,,,,,1.24653,
l1/isaac,0.7,288,,,,,1.13194,
l1/isaac,0.8,288,,,,,1.06969,
l1/isaac,0.9,288,,,,,1.04878,
l1/isaac,1,288,,,,,1.30662,
l0.5/isaac,0,288,,,,,2.08741,
l0.5/isaac,0.1,288,,,,,1.69231,
l0.5/isaac,0.2,288,,,,,1.63542,
l0.5/isaac,0.3,288,,,,,1.375,
l0.5/isaac,0.4,288,,,,,1.17422,
l0.5/isaac,0.5,288,,,,,1.16667,
l0.5/isaac,0.6,288,,,,,1.08014,
l0.5/isaac,0.7,288,,,,,0.899306,
l0.5/isaac,0.8,288,,,,,0.819444,
l0.5/isaac,0.9,288,,,,,0.899306,
l0.5/isaac,1,288,,,,,0.854167,
l0/isaac,0,288,,,,,0.625,
l0/isaac,0.1,288,,,,,0.670139,
l0/isaac,0.2,288,,,,,0.78125,
l0/isaac,0.3,288,,,,,0.6875,
l0/isaac,0.4,288,,,,,0.684028,
l0/isaac,0.5,288,,,,,0.607639,
l0/isaac,0.6,288,,,,,0.701389,
l0/isaac,0.7,288,,,,,0.659722,
l0/isaac,0.8,288,,,,,0.71875,
l0/isaac,0.9,288,,,,,0.625,
l0/isaac,1,288,,,,,0.680556,
whole/isaac,0,288,,,,,1.75524,
whole/isaac,0.1,288,,,,,1.54737,
whole/isaac,0.2,288,,,,,1.47038,
whole/isaac,0.3,288,,,,,1.56993,
whole/isaac,0.4,288,,,,,1.47552,
whole/isaac,0.5,288,,,,,1.49301,
whole/isaac,0.6,288,,,,,1.58537,
whole/isaac,0.7,288,,,,,1.64912,
whole/isaac,0.8,288,,,,,1.97909,
whole/isaac,0.9,288,,,,,2.00699,
whole/isaac,1,288,,,,,2.3662,
l0.5_52k/isaac,0,288,,,,,1.51389,
l0.5_52k/isaac,0.1,288,,,,,1.29167,
l0.5_52k/isaac,0.2,288,,,,,1.13889,
l0.5_52k/isaac,0.3,288,,,,,0.96875,
l0.5_52k/isaac,0.4,288,,,,,0.763889,
l0.5_52k/isaac,0.5,288,,,,,0.746528,
l0.5_52k/isaac,0.6,288,,,,,0.697917,
l0.5_52k/isaac,0.7,288,,,,,0.649306,
l0.5_52k/isaac,0.8,288,,,,,0.614583,
l0.5_52k/isaac,0.9,288,,,,,0.590278,
l0.5_52k/isaac,1,288,,,,,0.645833,
l1/isaac_legs_blind,0,288,,,,,3,
l1/isaac_legs_blind,0.1,288,,,,,2.51389,
l1/isaac_legs_blind,0.2,288,,,,,2.44792,
l1/isaac_legs_blind,0.3,288,,,,,2.15278,
l1/isaac_legs_blind,0.4,288,,,,,2.10069,
l1/isaac_legs_blind,0.5,288,,,,,1.86458,
l1/isaac_legs_blind,0.6,288,,,,,1.94097,
l1/isaac_legs_blind,0.7,288,,,,,1.49306,
l1/isaac_legs_blind,0.8,288,,,,,1.61458,
l1/isaac_legs_blind,0.9,288,,,,,1.37153,
l1/isaac_legs_blind,1,288,,,,,1.35417,
l1/isaac_arms_ik,0,96,,,,,3.34375,
l1/isaac_arms_ik,0.1,96,,,,,2.40625,
l1/isaac_arms_ik,0.2,96,,,,,2.75,
l1/isaac_arms_ik,0.3,96,,,,,1.9375,
l1/isaac_arms_ik,0.4,96,,,,,1.75,
l1/isaac_arms_ik,0.5,96,,,,,1.52083,
l1/isaac_arms_ik,0.6,96,,,,,1.36458,
l1/isaac_arms_ik,0.7,96,,,,,1.28125,
l1/isaac_arms_ik,0.8,96,,,,,1.4375,
l1/isaac_arms_ik,0.9,96,,,,,1.38542,
l1/isaac_arms_ik,1,96,,,,,1.58333,
l1/isaac,0,288,,,,,,0.00347222
l1/isaac,0.1,288,,,,,,0.00347222
l1/isaac,0.2,288,,,,,,0
l1/isaac,0.3,288,,,,,,0
l1/isaac,0.4,288,,,,,,0
l1/isaac,0.5,288,,,,,,0
l1/isaac,0.6,288,,,,,,0
l1/isaac,0.7,288,,,,,,0
l1/isaac,0.8,288,,,,,,0.00347222
l1/isaac,0.9,288,,,,,,0.00347222
l1/isaac,1,288,,,,,,0.00347222
l0.5/isaac,0,288,,,,,,0.00694444
l0.5/isaac,0.1,288,,,,,,0.00694444
l0.5/isaac,0.2,288,,,,,,0
l0.5/isaac,0.3,288,,,,,,0
l0.5/isaac,0.4,288,,,,,,0.00347222
l0.5/isaac,0.5,288,,,,,,0
l0.5/isaac,0.6,288,,,,,,0.00347222
l0.5/isaac,0.7,288,,,,,,0
l0.5/isaac,0.8,288,,,,,,0
l0.5/isaac,0.9,288,,,,,,0
l0.5/isaac,1,288,,,,,,0
l0/isaac,0,288,,,,,,0
l0/isaac,0.1,288,,,,,,0
l0/isaac,0.2,288,,,,,,0
l0/isaac,0.3,288,,,,,,0
l0/isaac,0.4,288,,,,,,0
l0/isaac,0.5,288,,,,,,0
l0/isaac,0.6,288,,,,,,0
l0/isaac,0.7,288,,,,,,0
l0/isaac,0.8,288,,,,,,0
l0/isaac,0.9,288,,,,,,0
l0/isaac,1,288,,,,,,0
whole/isaac,0,288,,,,,,0.00694444
whole/isaac,0.1,288,,,,,,0.0104167
whole/isaac,0.2,288,,,,,,0.00347222
whole/isaac,0.3,288,,,,,,0.00694444
whole/isaac,0.4,288,,,,,,0.00694444
whole/isaac,0.5,288,,,,,,0.00694444
whole/isaac,0.6,288,,,,,,0.00347222
whole/isaac,0.7,288,,,,,,0.0104167
whole/isaac,0.8,288,,,,,,0.00347222
whole/isaac,0.9,288,,,,,,0.00694444
whole/isaac,1,288,,,,,,0.0138889
l0.5_52k/isaac,0,288,,,,,,0
l0.5_52k/isaac,0.1,288,,,,,,0
l0.5_52k/isaac,0.2,288,,,,,,0
l0.5_52k/isaac,0.3,288,,,,,,0
l0.5_52k/isaac,0.4,288,,,,,,0
l0.5_52k/isaac,0.5,288,,,,,,0
l0.5_52k/isaac,0.6,288,,,,,,0
l0.5_52k/isaac,0.7,288,,,,,,0
l0.5_52k/isaac,0.8,288,,,,,,0
l0.5_52k/isaac,0.9,288,,,,,,0
l0.5_52k/isaac,1,288,,,,,,0
l1/isaac_legs_blind,0,288,,,,,,0
l1/isaac_legs_blind,0.1,288,,,,,,0
l1/isaac_legs_blind,0.2,288,,,,,,0
l1/isaac_legs_blind,0.3,288,,,,,,0
l1/isaac_legs_blind,0.4,288,,,,,,0
l1/isaac_legs_blind,0.5,288,,,,,,0
l1/isaac_legs_blind,0.6,288,,,,,,0
l1/isaac_legs_blind,0.7,288,,,,,,0
l1/isaac_legs_blind,0.8,288,,,,,,0
l1/isaac_legs_blind,0.9,288,,,,,,0
l1/isaac_legs_blind,1,288,,,,,,0
l1/isaac_arms_ik,0,96,,,,,,0
l1/isaac_arms_ik,0.1,96,,,,,,0
l1/isaac_arms_ik,0.2,96,,,,,,0
l1/isaac_arms_ik,0.3,96,,,,,,0
l1/isaac_arms_ik,0.4,96,,,,,,0
l1/isaac_arms_ik,0.5,96,,,,,,0
l1/isaac_arms_ik,0.6,96,,,,,,0
l1/isaac_arms_ik,0.7,96,,,,,,0
l1/isaac_arms_ik,0.8,96,,,,,,0
l1/isaac_arms_ik,0.9,96,,,,,,0
l1/isaac_arms_ik,1,96,,,,,,0
