condition,depth,n,err_last1s_success_med,closest_med,closest_q25,closest_q75
l1/isaac,0,288,0.0336014,,,
l1/isaac,0.1,288,0.0369288,,,
l1/isaac,0.2,288,0.038301,,,
l1/isaac,0.3,288,0.039669,,,
l1/isaac,0.4,288,0.037943,,,
l1/isaac,0.5,288,0.0364919,,,
l1/isaac,0.6,288,0.0356383,,,
l1/isaac,0.7,288,0.0434734,,,
l1/isaac,0.8,288,0.0286528,,,
l0.5/isaac,0,288,0.0443286,,,
l0.5/isaac,0.1,288,0.0429084,,,
l0.5/isaac,0.2,288,0.0419772,,,
l0.5/isaac,0.3,288,0.0374581,,,
l0.5/isaac,0.4,288,0.043087,,,
l0.5/isaac,0.5,288,0.0389086,,,
l0.5/isaac,0.6,288,0.0473249,,,
l0.5/isaac,0.7,288,0.0408834,,,
l0.5/isaac,0.8,288,0.0386004,,,
l0.5/isaac,0.9,288,0.0357444,,,
l0.5/isaac,1,288,0.0333184,,,
l0/isaac,0,288,0.0348269,,,
l0/isaac,0.1,288,0.0326674,,,
l0/isaac,0.2,288,0.0342158,,,
l0/isaac,0.3,288,0.0327261,,,
l0/isaac,0.4,288,0.0298827,,,
l0/isaac,0.5,288,0.0331709,,,
l0/isaac,0.6,288,0.0271464,,,
l0/isaac,0.7,288,0.0311774,,,
l0/isaac,0.8,288,0.0421544,,,
l0/isaac,0.9,288,0.0341098,,,
l0/isaac,1,288,0.0341812,,,
l0.5_52k/isaac,0,288,0.0313444,,,
l0.5_52k/isaac,0.1,288,0.0353072,,,
l0.5_52k/isaac,0.2,288,0.0377613,,,
l0.5_52k/isaac,0.3,288,0.0348445,,,
l0.5_52k/isaac,0.4,288,0.0354109,,,
l0.5_52k/isaac,0.5,288,0.0312344,,,
l0.5_52k/isaac,0.6,288,0.025972,,,
l0.5_52k/isaac,0.7,288,0.0332826,,,
l0.5_52k/isaac,0.8,288,0.0311738,,,
l0.5_52k/isaac,0.9,288,0.0380389,,,
l1/isaac_legs_blind,0,288,0.0392937,,,
l1/isaac_legs_blind,0.1,288,0.0456632,,,
l1/isaac_legs_blind,0.2,288,0.0374555,,,
l1/isaac_legs_blind,0.3,288,0.0336198,,,
l1/isaac_legs_blind,0.4,288,0.0427054,,,
l1/isaac_legs_blind,0.5,288,0.0458255,,,
l1/isaac_legs_blind,0.6,288,0.0427804,,,
l1/isaac_legs_blind,0.7,288,0.0456285,,,
l1/isaac_legs_blind,0.8,288,0.0340775,,,
golem_ik/kinematic,0,288,0.000339752,,,
golem_ik/kinematic,0.1,288,0.00513325,,,
golem_ik/kinematic,0.2,288,0.0045355,,,
golem_ik/kinematic,0.3,288,0.000181689,,,
golem_ik/kinematic,0.4,288,0.00468608,,,
golem_ik/kinematic,0.5,288,0.000469533,,,
golem_ik/kinematic,0.6,288,0.00580121,,,
golem_ik/kinematic,0.7,288,0.0112509,,,
golem_ik/kinematic,0.8,288,0.0175632,,,
l1/isaac,0,288,,0.0456723,0.0224398,0.0764585
l1/isaac,0.1,288,,0.0300412,0.0195899,0.0562631
l1/isaac,0.2,288,,0.0259656,0.0181885,0.0465158
l1/isaac,0.3,288,,0.029822,0.0189118,0.0525832
l1/isaac,0.4,288,,0.0430096,0.0221967,0.0764153
l1/isaac,0.5,288,,0.0674522,0.0280876,0.112779
l1/isaac,0.6,288,,0.0979808,0.0417279,0.164515
l1/isaac,0.7,288,,0.139663,0.0664775,0.219249
l1/isaac,0.8,288,,0.184917,0.10469,0.281409
l1/isaac,0.9,288,,0.240177,0.152242,0.351519
l1/isaac,1,288,,0.30221,0.204882,0.421117
l0.5/isaac,0,288,,0.058312,0.0260866,0.0948551
l0.5/isaac,0.1,288,,0.0388042,0.0250018,0.0688919
l0.5/isaac,0.2,288,,0.0367811,0.0223766,0.0587634
l0.5/isaac,0.3,288,,0.0377887,0.0221914,0.0688318
l0.5/isaac,0.4,288,,0.0553496,0.0253699,0.093176
l0.5/isaac,0.5,288,,0.0823749,0.040708,0.130887
l0.5/isaac,0.6,288,,0.124643,0.0629724,0.17977
l0.5/isaac,0.7,288,,0.167258,0.0955409,0.24349
l0.5/isaac,0.8,288,,0.216921,0.138007,0.303655
l0.5/isaac,0.9,288,,0.275887,0.180237,0.382179
l0.5/isaac,1,288,,0.338606,0.228794,0.455136
l0/isaac,0,288,,0.0858035,0.0348096,0.142727
l0/isaac,0.1,288,,0.0512178,0.0247307,0.098281
l0/isaac,0.2,288,,0.0379223,0.019464,0.0771
l0/isaac,0.3,288,,0.0342473,0.0193284,0.0681451
l0/isaac,0.4,288,,0.0404738,0.022138,0.0781322
l0/isaac,0.5,288,,0.065403,0.0284404,0.105037
l0/isaac,0.6,288,,0.0905338,0.0440766,0.14737
l0/isaac,0.7,288,,0.130295,0.0655352,0.202469
l0/isaac,0.8,288,,0.172926,0.0881415,0.264595
l0/isaac,0.9,288,,0.235285,0.138517,0.341353
l0/isaac,1,288,,0.295037,0.198655,0.420879
l0.5_52k/isaac,0,288,,0.0567716,0.0296058,0.0836158
l0.5_52k/isaac,0.1,288,,0.0373236,0.0223395,0.0714178
l0.5_52k/isaac,0.2,288,,0.037562,0.0211655,0.0695806
l0.5_52k/isaac,0.3,288,,0.0510395,0.0248107,0.0829582
l0.5_52k/isaac,0.4,288,,0.0700077,0.0305663,0.114911
l0.5_52k/isaac,0.5,288,,0.105908,0.0486543,0.166358
l0.5_52k/isaac,0.6,288,,0.139615,0.0784072,0.222591
l0.5_52k/isaac,0.7,288,,0.187063,0.113707,0.284853
l0.5_52k/isaac,0.8,288,,0.244441,0.155611,0.358339
l0.5_52k/isaac,0.9,288,,0.32226,0.210108,0.438586
l0.5_52k/isaac,1,288,,0.394086,0.272343,0.519237
l1/isaac_legs_blind,0,288,,0.0742428,0.0351889,0.116959
l1/isaac_legs_blind,0.1,288,,0.0545597,0.0294468,0.0955755
l1/isaac_legs_blind,0.2,288,,0.0455538,0.0256275,0.0814499
l1/isaac_legs_blind,0.3,288,,0.0486399,0.0283992,0.0860716
l1/isaac_legs_blind,0.4,288,,0.0715426,0.0329248,0.112453
l1/isaac_legs_blind,0.5,288,,0.0980817,0.0427335,0.151267
l1/isaac_legs_blind,0.6,288,,0.133762,0.0708003,0.209424
l1/isaac_legs_blind,0.7,288,,0.171613,0.0972658,0.276489
l1/isaac_legs_blind,0.8,288,,0.234893,0.15075,0.335263
l1/isaac_legs_blind,0.9,288,,0.290945,0.201646,0.418705
l1/isaac_legs_blind,1,288,,0.367752,0.253789,0.496866
golem_ik/kinematic,0,288,,0.0357212,0.000402824,0.0871386
golem_ik/kinematic,0.1,288,,0.0433426,0.014402,0.102389
golem_ik/kinematic,0.2,288,,0.0798997,0.028583,0.134831
golem_ik/kinematic,0.3,288,,0.119362,0.0504423,0.18012
golem_ik/kinematic,0.4,288,,0.164705,0.0950837,0.245176
golem_ik/kinematic,0.5,288,,0.218074,0.135666,0.31462
golem_ik/kinematic,0.6,288,,0.277759,0.188129,0.3859
golem_ik/kinematic,0.7,288,,0.351604,0.239285,0.464427
golem_ik/kinematic,0.8,288,,0.433325,0.313032,0.551601
golem_ik/kinematic,0.9,288,,0.517115,0.397236,0.634199
golem_ik/kinematic,1,288,,0.601386,0.482409,0.721508
