condition,depth,n,success_10cm,success_10cm_lo,success_10cm_hi,pelvis_h_last1s_med,pelvis_h_last1s_q25,pelvis_h_last1s_q75
l0.5/isaac,0,288,0.340278,0.28798,0.396781,,,
l0.5/isaac,0.1,288,0.5,0.442634,0.557366,,,
l0.5/isaac,0.2,288,0.572917,0.515196,0.628717,,,
l0.5/isaac,0.3,288,0.548611,0.490874,0.605069,,,
l0.5/isaac,0.4,288,0.413194,0.357831,0.470843,,,
l0.5/isaac,0.5,288,0.246528,0.200304,0.299425,,,
l0.5/isaac,0.6,288,0.152778,0.115819,0.198878,,,
l0.5/isaac,0.7,288,0.0902778,0.062352,0.12899,,,
l0.5/isaac,0.8,288,0.0486111,0.0291741,0.0799317,,,
l0.5/isaac,0.9,288,0.0173611,0.00743774,0.0399907,,,
l0.5/isaac,1,288,0.0138889,0.00541393,0.0351615,,,
l0.5/isaac_legs_blind,0,288,0.159722,0.121932,0.206471,,,
l0.5/isaac_legs_blind,0.1,288,0.225694,0.181207,0.277403,,,
l0.5/isaac_legs_blind,0.2,288,0.194444,0.152881,0.244052,,,
l0.5/isaac_legs_blind,0.3,288,0.142361,0.106704,0.187434,,,
l0.5/isaac_legs_blind,0.4,288,0.111111,0.079812,0.152648,,,
l0.5/isaac_legs_blind,0.5,288,0.0590278,0.0371769,0.092488,,,
l0.5/isaac_legs_blind,0.6,288,0.0451389,0.0265661,0.0756866,,,
l0.5/isaac_legs_blind,0.7,288,0.0138889,0.00541393,0.0351615,,,
l0.5/isaac_legs_blind,0.8,288,0,0,0.0131633,,,
l0.5/isaac_legs_blind,0.9,288,0,0,0.0131633,,,
l0.5/isaac_legs_blind,1,288,0,0,0.0131633,,,
golem_ik/kinematic,0,288,0.711806,0.656978,0.761057,,,
golem_ik/kinematic,0.1,288,0.604167,0.546672,0.658919,,,
golem_ik/kinematic,0.2,288,0.409722,0.354475,0.467346,,,
golem_ik/kinematic,0.3,288,0.28125,0.232465,0.335794,,,
golem_ik/kinematic,0.4,288,0.170139,0.131152,0.21781,,,
golem_ik/kinematic,0.5,288,0.100694,0.0710274,0.140874,,,
golem_ik/kinematic,0.6,288,0.0347222,0.0189676,0.062726,,,
golem_ik/kinematic,0.7,288,0.0138889,0.00541393,0.0351615,,,
golem_ik/kinematic,0.8,288,0.00347222,0.00061318,0.0194032,,,
golem_ik/kinematic,0.9,288,0,0,0.0131633,,,
golem_ik/kinematic,1,288,0,0,0.0131633,,,
l0.5/isaac,0,288,,,,0.807152,0.789757,0.824554
l0.5/isaac,0.1,288,,,,0.797195,0.77943,0.811914
l0.5/isaac,0.2,288,,,,0.787885,0.766867,0.802304
l0.5/isaac,0.3,288,,,,0.775623,0.7615,0.796381
l0.5/isaac,0.4,288,,,,0.76691,0.748698,0.783414
l0.5/isaac,0.5,288,,,,0.756093,0.742717,0.774094
l0.5/isaac,0.6,288,,,,0.74981,0.731897,0.764028
l0.5/isaac,0.7,288,,,,0.741618,0.724772,0.75571
l0.5/isaac,0.8,288,,,,0.733624,0.717984,0.74649
l0.5/isaac,0.9,288,,,,0.727542,0.711326,0.739498
l0.5/isaac,1,288,,,,0.721654,0.706643,0.732363
l0.5/isaac_legs_blind,0,288,,,,0.871047,0.83851,0.89639
l0.5/isaac_legs_blind,0.1,288,,,,0.879261,0.848527,0.898576
l0.5/isaac_legs_blind,0.2,288,,,,0.890896,0.863488,0.905869
l0.5/isaac_legs_blind,0.3,288,,,,0.894318,0.876706,0.906399
l0.5/isaac_legs_blind,0.4,288,,,,0.896141,0.879564,0.909091
l0.5/isaac_legs_blind,0.5,288,,,,0.901363,0.887955,0.912753
l0.5/isaac_legs_blind,0.6,288,,,,0.904722,0.892834,0.913655
l0.5/isaac_legs_blind,0.7,288,,,,0.903938,0.892861,0.915674
l0.5/isaac_legs_blind,0.8,288,,,,0.907026,0.894617,0.916166
l0.5/isaac_legs_blind,0.9,288,,,,0.909222,0.898817,0.916827
l0.5/isaac_legs_blind,1,288,,,,0.908763,0.898912,0.917226
golem_ik/kinematic,0,288,,,,1.0024,1.0024,1.0024
golem_ik/kinematic,0.1,288,,,,1.0024,1.0024,1.0024
golem_ik/kinematic,0.2,288,,,,1.0024,1.0024,1.0024
golem_ik/kinematic,0.3,288,,,,1.0024,1.0024,1.0024
golem_ik/kinematic,0.4,288,,,,1.0024,1.0024,1.0024
golem_ik/kinematic,0.5,288,,,,1.0024,1.0024,1.0024
golem_ik/kinematic,0.6,288,,,,1.0024,1.0024,1.0024
golem_ik/kinematic,0.7,288,,,,1.0024,1.0024,1.0024
golem_ik/kinematic,0.8,288,,,,1.0024,1.0024,1.0024
golem_ik/kinematic,0.9,288,,,,1.0024,1.0024,1.0024
golem_ik/kinematic,1,288,,,,1.0024,1.0024,1.0024
