condition,bin_mid,n,success_10cm,success_10cm_lo,success_10cm_hi
l0.5/isaac,-0.05,24,0,0,0.137981
l0.5/isaac,0.05,75,0,0,0.0487255
l0.5/isaac,0.15,120,0,0,0.0310203
l0.5/isaac,0.25,165,0,0,0.0227527
l0.5/isaac,0.35,201,0,0,0.018754
l0.5/isaac,0.45,237,0,0,0.0159507
l0.5/isaac,0.55,255,0.00784314,0.00215347,0.0281415
l0.5/isaac,0.65,267,0.093633,0.0642265,0.134567
l0.5/isaac,0.75,282,0.265957,0.217784,0.320422
l0.5/isaac,0.85,288,0.423611,0.367915,0.481318
l0.5/isaac,0.95,288,0.527778,0.470134,0.58469
l0.5/isaac,1.05,264,0.530303,0.470096,0.589641
l0.5/isaac,1.15,213,0.521127,0.45426,0.587245
l0.5/isaac,1.25,168,0.505952,0.431066,0.580573
l0.5/isaac,1.35,123,0.487805,0.401184,0.575164
l0.5/isaac,1.45,87,0.551724,0.447244,0.65183
l0.5/isaac,1.55,51,0.372549,0.253203,0.50975
l0.5/isaac,1.65,33,0.242424,0.128316,0.410249
l0.5/isaac,1.75,21,0.047619,0.00845577,0.226698
l0/isaac,-0.05,24,0,0,0.137981
l0/isaac,0.05,75,0,0,0.0487255
l0/isaac,0.15,120,0,0,0.0310203
l0/isaac,0.25,165,0,0,0.0227527
l0/isaac,0.35,201,0,0,0.018754
l0/isaac,0.45,237,0,0,0.0159507
l0/isaac,0.55,255,0.0431373,0.024255,0.0755806
l0/isaac,0.65,267,0.224719,0.17876,0.278487
l0/isaac,0.75,282,0.404255,0.348636,0.462449
l0/isaac,0.85,288,0.503472,0.446062,0.560791
l0/isaac,0.95,288,0.527778,0.470134,0.58469
l0/isaac,1.05,264,0.507576,0.447593,0.567341
l0/isaac,1.15,213,0.42723,0.362664,0.494374
l0/isaac,1.25,168,0.345238,0.277526,0.419869
l0/isaac,1.35,123,0.333333,0.256187,0.420575
l0/isaac,1.45,87,0.287356,0.202856,0.389842
l0/isaac,1.55,51,0.294118,0.187086,0.429993
l0/isaac,1.65,33,0.121212,0.0481608,0.273258
l0/isaac,1.75,21,0,0,0.154644
l0.5/isaac_legs_blind,-0.05,24,0,0,0.137981
l0.5/isaac_legs_blind,0.05,75,0,0,0.0487255
l0.5/isaac_legs_blind,0.15,120,0,0,0.0310203
l0.5/isaac_legs_blind,0.25,165,0,0,0.0227527
l0.5/isaac_legs_blind,0.35,201,0,0,0.018754
l0.5/isaac_legs_blind,0.45,237,0,0,0.0159507
l0.5/isaac_legs_blind,0.55,255,0,0,0.0148415
l0.5/isaac_legs_blind,0.65,267,0,0,0.0141839
l0.5/isaac_legs_blind,0.75,282,0.0070922,0.00194706,0.0254863
l0.5/isaac_legs_blind,0.85,288,0.0625,0.0398961,0.0966218
l0.5/isaac_legs_blind,0.95,288,0.145833,0.109735,0.191256
l0.5/isaac_legs_blind,1.05,264,0.246212,0.19813,0.301574
l0.5/isaac_legs_blind,1.15,213,0.230047,0.178608,0.291051
l0.5/isaac_legs_blind,1.25,168,0.232143,0.174721,0.301541
l0.5/isaac_legs_blind,1.35,123,0.203252,0.141632,0.282847
l0.5/isaac_legs_blind,1.45,87,0.241379,0.16364,0.340992
l0.5/isaac_legs_blind,1.55,51,0.196078,0.110152,0.324583
l0.5/isaac_legs_blind,1.65,33,0.0909091,0.0314034,0.235729
l0.5/isaac_legs_blind,1.75,21,0,0,0.154644
golem_ik/kinematic,-0.05,24,0,0,0.137981
golem_ik/kinematic,0.05,75,0,0,0.0487255
golem_ik/kinematic,0.15,120,0,0,0.0310203
golem_ik/kinematic,0.25,165,0,0,0.0227527
golem_ik/kinematic,0.35,201,0,0,0.018754
golem_ik/kinematic,0.45,237,0,0,0.0159507
golem_ik/kinematic,0.55,255,0,0,0.0148415
golem_ik/kinematic,0.65,267,0,0,0.0141839
golem_ik/kinematic,0.75,282,0,0,0.0134396
golem_ik/kinematic,0.85,288,0.0451389,0.0265661,0.0756866
golem_ik/kinematic,0.95,288,0.232639,0.187555,0.284761
golem_ik/kinematic,1.05,264,0.44697,0.388182,0.507278
golem_ik/kinematic,1.15,213,0.568075,0.500927,0.632811
golem_ik/kinematic,1.25,168,0.678571,0.604637,0.744522
golem_ik/kinematic,1.35,123,0.739837,0.655878,0.809269
golem_ik/kinematic,1.45,87,0.758621,0.659008,0.83636
golem_ik/kinematic,1.55,51,0.745098,0.611315,0.844544
golem_ik/kinematic,1.65,33,0.757576,0.589751,0.871684
golem_ik/kinematic,1.75,21,0.666667,0.453731,0.828055
