condition,bin_mid,n,success_10cm,success_10cm_lo,success_10cm_hi,pelvis_h_last1s_med,pelvis_h_last1s_q25,pelvis_h_last1s_q75
l1/isaac,-0.05,24,0,0,0.137981,,,
l1/isaac,0.05,75,0,0,0.0487255,,,
l1/isaac,0.15,120,0,0,0.0310203,,,
l1/isaac,0.25,165,0,0,0.0227527,,,
l1/isaac,0.35,201,0,0,0.018754,,,
l1/isaac,0.45,237,0,0,0.0159507,,,
l1/isaac,0.55,255,0.0117647,0.00400891,0.0340128,,,
l1/isaac,0.65,267,0.0861423,0.0580854,0.125939,,,
l1/isaac,0.75,282,0.287234,0.237561,0.342626,,,
l1/isaac,0.85,288,0.53125,0.473584,0.588094,,,
l1/isaac,0.95,288,0.614583,0.557216,0.668934,,,
l1/isaac,1.05,264,0.621212,0.561353,0.677594,,,
l1/isaac,1.15,213,0.591549,0.524481,0.655373,,,
l1/isaac,1.25,168,0.535714,0.460344,0.609488,,,
l1/isaac,1.35,123,0.455285,0.369962,0.543316,,,
l1/isaac,1.45,87,0.448276,0.34817,0.552756,,,
l1/isaac,1.55,51,0.333333,0.219698,0.470319,,,
l1/isaac,1.65,33,0.242424,0.128316,0.410249,,,
l1/isaac,1.75,21,0.0952381,0.0265182,0.289146,,,
l0.5/isaac,-0.05,24,0,0,0.137981,,,
l0.5/isaac,0.05,75,0,0,0.0487255,,,
l0.5/isaac,0.15,120,0,0,0.0310203,,,
l0.5/isaac,0.25,165,0,0,0.0227527,,,
l0.5/isaac,0.35,201,0,0,0.018754,,,
l0.5/isaac,0.45,237,0,0,0.0159507,,,
l0.5/isaac,0.55,255,0.00784314,0.00215347,0.0281415,,,
l0.5/isaac,0.65,267,0.093633,0.0642265,0.134567,,,
l0.5/isaac,0.75,282,0.265957,0.217784,0.320422,,,
l0.5/isaac,0.85,288,0.423611,0.367915,0.481318,,,
l0.5/isaac,0.95,288,0.527778,0.470134,0.58469,,,
l0.5/isaac,1.05,264,0.530303,0.470096,0.589641,,,
l0.5/isaac,1.15,213,0.521127,0.45426,0.587245,,,
l0.5/isaac,1.25,168,0.505952,0.431066,0.580573,,,
l0.5/isaac,1.35,123,0.487805,0.401184,0.575164,,,
l0.5/isaac,1.45,87,0.551724,0.447244,0.65183,,,
l0.5/isaac,1.55,51,0.372549,0.253203,0.50975,,,
l0.5/isaac,1.65,33,0.242424,0.128316,0.410249,,,
l0.5/isaac,1.75,21,0.047619,0.00845577,0.226698,,,
l0/isaac,-0.05,24,0,0,0.137981,,,
l0/isaac,0.05,75,0,0,0.0487255,,,
l0/isaac,0.15,120,0,0,0.0310203,,,
l0/isaac,0.25,165,0,0,0.0227527,,,
l0/isaac,0.35,201,0,0,0.018754,,,
l0/isaac,0.45,237,0,0,0.0159507,,,
l0/isaac,0.55,255,0.0431373,0.024255,0.0755806,,,
l0/isaac,0.65,267,0.224719,0.17876,0.278487,,,
l0/isaac,0.75,282,0.404255,0.348636,0.462449,,,
l0/isaac,0.85,288,0.503472,0.446062,0.560791,,,
l0/isaac,0.95,288,0.527778,0.470134,0.58469,,,
l0/isaac,1.05,264,0.507576,0.447593,0.567341,,,
l0/isaac,1.15,213,0.42723,0.362664,0.494374,,,
l0/isaac,1.25,168,0.345238,0.277526,0.419869,,,
l0/isaac,1.35,123,0.333333,0.256187,0.420575,,,
l0/isaac,1.45,87,0.287356,0.202856,0.389842,,,
l0/isaac,1.55,51,0.294118,0.187086,0.429993,,,
l0/isaac,1.65,33,0.121212,0.0481608,0.273258,,,
l0/isaac,1.75,21,0,0,0.154644,,,
whole/isaac,-0.05,24,0,0,0.137981,,,
whole/isaac,0.05,75,0,0,0.0487255,,,
whole/isaac,0.15,120,0,0,0.0310203,,,
whole/isaac,0.25,165,0,0,0.0227527,,,
whole/isaac,0.35,201,0,0,0.018754,,,
whole/isaac,0.45,237,0,0,0.0159507,,,
whole/isaac,0.55,255,0,0,0.0148415,,,
whole/isaac,0.65,267,0.011236,0.00382839,0.0325087,,,
whole/isaac,0.75,282,0.0390071,0.021918,0.0684873,,,
whole/isaac,0.85,288,0.104167,0.0739442,0.14481,,,
whole/isaac,0.95,288,0.125,0.0916726,0.1682,,,
whole/isaac,1.05,264,0.155303,0.116589,0.203905,,,
whole/isaac,1.15,213,0.140845,0.100472,0.193944,,,
whole/isaac,1.25,168,0.166667,0.117901,0.230336,,,
whole/isaac,1.35,123,0.186992,0.127957,0.264986,,,
whole/isaac,1.45,87,0.114943,0.0636448,0.198808,,,
whole/isaac,1.55,51,0.117647,0.05505,0.233811,,,
whole/isaac,1.65,33,0.030303,0.00536927,0.153191,,,
whole/isaac,1.75,21,0,0,0.154644,,,
l1/isaac_legs_blind,-0.05,24,0,0,0.137981,,,
l1/isaac_legs_blind,0.05,75,0,0,0.0487255,,,
l1/isaac_legs_blind,0.15,120,0,0,0.0310203,,,
l1/isaac_legs_blind,0.25,165,0,0,0.0227527,,,
l1/isaac_legs_blind,0.35,201,0,0,0.018754,,,
l1/isaac_legs_blind,0.45,237,0,0,0.0159507,,,
l1/isaac_legs_blind,0.55,255,0,0,0.0148415,,,
l1/isaac_legs_blind,0.65,267,0.0374532,0.0204686,0.0675592,,,
l1/isaac_legs_blind,0.75,282,0.163121,0.124576,0.21072,,,
l1/isaac_legs_blind,0.85,288,0.288194,0.238943,0.343022,,,
l1/isaac_legs_blind,0.95,288,0.388889,0.334401,0.446302,,,
l1/isaac_legs_blind,1.05,264,0.420455,0.362466,0.480725,,,
l1/isaac_legs_blind,1.15,213,0.338028,0.27787,0.403925,,,
l1/isaac_legs_blind,1.25,168,0.327381,0.260972,0.401508,,,
l1/isaac_legs_blind,1.35,123,0.276423,0.205069,0.36132,,,
l1/isaac_legs_blind,1.45,87,0.298851,0.21284,0.401874,,,
l1/isaac_legs_blind,1.55,51,0.27451,0.171141,0.409469,,,
l1/isaac_legs_blind,1.65,33,0.0909091,0.0314034,0.235729,,,
l1/isaac_legs_blind,1.75,21,0,0,0.154644,,,
golem_ik/kinematic,-0.05,24,0,0,0.137981,,,
golem_ik/kinematic,0.05,75,0,0,0.0487255,,,
golem_ik/kinematic,0.15,120,0,0,0.0310203,,,
golem_ik/kinematic,0.25,165,0,0,0.0227527,,,
golem_ik/kinematic,0.35,201,0,0,0.018754,,,
golem_ik/kinematic,0.45,237,0,0,0.0159507,,,
golem_ik/kinematic,0.55,255,0,0,0.0148415,,,
golem_ik/kinematic,0.65,267,0,0,0.0141839,,,
golem_ik/kinematic,0.75,282,0,0,0.0134396,,,
golem_ik/kinematic,0.85,288,0.0451389,0.0265661,0.0756866,,,
golem_ik/kinematic,0.95,288,0.232639,0.187555,0.284761,,,
golem_ik/kinematic,1.05,264,0.44697,0.388182,0.507278,,,
golem_ik/kinematic,1.15,213,0.568075,0.500927,0.632811,,,
golem_ik/kinematic,1.25,168,0.678571,0.604637,0.744522,,,
golem_ik/kinematic,1.35,123,0.739837,0.655878,0.809269,,,
golem_ik/kinematic,1.45,87,0.758621,0.659008,0.83636,,,
golem_ik/kinematic,1.55,51,0.745098,0.611315,0.844544,,,
golem_ik/kinematic,1.65,33,0.757576,0.589751,0.871684,,,
golem_ik/kinematic,1.75,21,0.666667,0.453731,0.828055,,,
l1/isaac,-0.05,24,,,,0.699005,0.688405,0.708493
l1/isaac,0.05,75,,,,0.702587,0.693547,0.713565
l1/isaac,0.15,120,,,,0.708812,0.699218,0.719554
l1/isaac,0.25,165,,,,0.714975,0.70331,0.727424
l1/isaac,0.35,201,,,,0.720718,0.707559,0.731422
l1/isaac,0.45,237,,,,0.725191,0.710967,0.737858
l1/isaac,0.55,255,,,,0.734077,0.720458,0.744564
l1/isaac,0.65,267,,,,0.738307,0.726413,0.752019
l1/isaac,0.75,282,,,,0.74875,0.735325,0.761203
l1/isaac,0.85,288,,,,0.760111,0.745013,0.774057
l1/isaac,0.95,288,,,,0.772634,0.75705,0.789972
l1/isaac,1.05,264,,,,0.781068,0.767237,0.798422
l1/isaac,1.15,213,,,,0.788615,0.773206,0.808477
l1/isaac,1.25,168,,,,0.79372,0.781023,0.813657
l1/isaac,1.35,123,,,,0.798709,0.783314,0.812856
l1/isaac,1.45,87,,,,0.799358,0.788112,0.815912
l1/isaac,1.55,51,,,,0.806651,0.796193,0.822745
l1/isaac,1.65,33,,,,0.81493,0.7991,0.826086
l1/isaac,1.75,21,,,,0.815571,0.799586,0.830438
l0.5/isaac,-0.05,24,,,,0.705488,0.694083,0.725703
l0.5/isaac,0.05,75,,,,0.713368,0.695899,0.731546
l0.5/isaac,0.15,120,,,,0.718162,0.704103,0.734535
l0.5/isaac,0.25,165,,,,0.724769,0.708074,0.739994
l0.5/isaac,0.35,201,,,,0.725741,0.710666,0.74145
l0.5/isaac,0.45,237,,,,0.729878,0.715195,0.747222
l0.5/isaac,0.55,255,,,,0.736039,0.719739,0.750923
l0.5/isaac,0.65,267,,,,0.7433,0.727408,0.75597
l0.5/isaac,0.75,282,,,,0.748845,0.734461,0.765652
l0.5/isaac,0.85,288,,,,0.758859,0.746582,0.773837
l0.5/isaac,0.95,288,,,,0.768688,0.758432,0.786191
l0.5/isaac,1.05,264,,,,0.779135,0.768032,0.794982
l0.5/isaac,1.15,213,,,,0.789771,0.777019,0.806258
l0.5/isaac,1.25,168,,,,0.798509,0.783875,0.815195
l0.5/isaac,1.35,123,,,,0.805966,0.790029,0.826709
l0.5/isaac,1.45,87,,,,0.812492,0.799199,0.831592
l0.5/isaac,1.55,51,,,,0.812821,0.803259,0.837107
l0.5/isaac,1.65,33,,,,0.816707,0.806543,0.838362
l0.5/isaac,1.75,21,,,,0.828464,0.816413,0.847972
l0/isaac,-0.05,24,,,,0.700054,0.694535,0.718438
l0/isaac,0.05,75,,,,0.707529,0.69696,0.727024
l0/isaac,0.15,120,,,,0.709049,0.697581,0.72799
l0/isaac,0.25,165,,,,0.710253,0.694594,0.733352
l0/isaac,0.35,201,,,,0.70654,0.689039,0.730588
l0/isaac,0.45,237,,,,0.706998,0.687717,0.730142
l0/isaac,0.55,255,,,,0.705325,0.686582,0.729407
l0/isaac,0.65,267,,,,0.707783,0.68806,0.730622
l0/isaac,0.75,282,,,,0.707139,0.688134,0.725027
l0/isaac,0.85,288,,,,0.709731,0.691271,0.727545
l0/isaac,0.95,288,,,,0.710576,0.690853,0.729965
l0/isaac,1.05,264,,,,0.71312,0.694735,0.732523
l0/isaac,1.15,213,,,,0.714385,0.6965,0.739311
l0/isaac,1.25,168,,,,0.719591,0.699178,0.73958
l0/isaac,1.35,123,,,,0.721349,0.701933,0.741634
l0/isaac,1.45,87,,,,0.727331,0.707333,0.741506
l0/isaac,1.55,51,,,,0.7246,0.708736,0.747963
l0/isaac,1.65,33,,,,0.738058,0.710082,0.76267
l0/isaac,1.75,21,,,,0.738129,0.710236,0.759115
whole/isaac,-0.05,24,,,,0.75385,0.746536,0.763692
whole/isaac,0.05,75,,,,0.759431,0.747361,0.768116
whole/isaac,0.15,120,,,,0.765457,0.754114,0.772924
whole/isaac,0.25,165,,,,0.768558,0.759408,0.779154
whole/isaac,0.35,201,,,,0.771961,0.76105,0.782389
whole/isaac,0.45,237,,,,0.777846,0.765845,0.785861
whole/isaac,0.55,255,,,,0.780132,0.771435,0.788467
whole/isaac,0.65,267,,,,0.784809,0.7746,0.792625
whole/isaac,0.75,282,,,,0.789852,0.780736,0.799454
whole/isaac,0.85,288,,,,0.799124,0.786217,0.808078
whole/isaac,0.95,288,,,,0.807429,0.794738,0.817083
whole/isaac,1.05,264,,,,0.812246,0.799324,0.823295
whole/isaac,1.15,213,,,,0.819458,0.807173,0.829475
whole/isaac,1.25,168,,,,0.822739,0.8092,0.835155
whole/isaac,1.35,123,,,,0.823929,0.814292,0.834825
whole/isaac,1.45,87,,,,0.828647,0.815031,0.835686
whole/isaac,1.55,51,,,,0.828742,0.820593,0.84102
whole/isaac,1.65,33,,,,0.834032,0.818488,0.841986
whole/isaac,1.75,21,,,,0.830248,0.82182,0.83933
l1/isaac_legs_blind,-0.05,24,,,,0.759318,0.753526,0.77036
l1/isaac_legs_blind,0.05,75,,,,0.75467,0.742417,0.770498
l1/isaac_legs_blind,0.15,120,,,,0.761713,0.748277,0.782943
l1/isaac_legs_blind,0.25,165,,,,0.761114,0.747223,0.781468
l1/isaac_legs_blind,0.35,201,,,,0.762833,0.746082,0.787071
l1/isaac_legs_blind,0.45,237,,,,0.763799,0.749186,0.788757
l1/isaac_legs_blind,0.55,255,,,,0.765077,0.752475,0.792666
l1/isaac_legs_blind,0.65,267,,,,0.766184,0.751156,0.794874
l1/isaac_legs_blind,0.75,282,,,,0.775984,0.758263,0.806486
l1/isaac_legs_blind,0.85,288,,,,0.784336,0.763853,0.813907
l1/isaac_legs_blind,0.95,288,,,,0.796749,0.774776,0.824373
l1/isaac_legs_blind,1.05,264,,,,0.798935,0.776698,0.830974
l1/isaac_legs_blind,1.15,213,,,,0.800723,0.779488,0.836539
l1/isaac_legs_blind,1.25,168,,,,0.79981,0.778149,0.833147
l1/isaac_legs_blind,1.35,123,,,,0.79974,0.783207,0.83354
l1/isaac_legs_blind,1.45,87,,,,0.794278,0.777541,0.81406
l1/isaac_legs_blind,1.55,51,,,,0.785895,0.773606,0.809078
l1/isaac_legs_blind,1.65,33,,,,0.785966,0.772508,0.804798
l1/isaac_legs_blind,1.75,21,,,,0.799242,0.783281,0.81518
golem_ik/kinematic,-0.05,24,,,,1.0024,1.0024,1.0024
golem_ik/kinematic,0.05,75,,,,1.0024,1.0024,1.0024
golem_ik/kinematic,0.15,120,,,,1.0024,1.0024,1.0024
golem_ik/kinematic,0.25,165,,,,1.0024,1.0024,1.0024
golem_ik/kinematic,0.35,201,,,,1.0024,1.0024,1.0024
golem_ik/kinematic,0.45,237,,,,1.0024,1.0024,1.0024
golem_ik/kinematic,0.55,255,,,,1.0024,1.0024,1.0024
golem_ik/kinematic,0.65,267,,,,1.0024,1.0024,1.0024
golem_ik/kinematic,0.75,282,,,,1.0024,1.0024,1.0024
golem_ik/kinematic,0.85,288,,,,1.0024,1.0024,1.0024
golem_ik/kinematic,0.95,288,,,,1.0024,1.0024,1.0024
golem_ik/kinematic,1.05,264,,,,1.0024,1.0024,1.0024
golem_ik/kinematic,1.15,213,,,,1.0024,1.0024,1.0024
golem_ik/kinematic,1.25,168,,,,1.0024,1.0024,1.0024
golem_ik/kinematic,1.35,123,,,,1.0024,1.0024,1.0024
golem_ik/kinematic,1.45,87,,,,1.0024,1.0024,1.0024
golem_ik/kinematic,1.55,51,,,,1.0024,1.0024,1.0024
golem_ik/kinematic,1.65,33,,,,1.0024,1.0024,1.0024
golem_ik/kinematic,1.75,21,,,,1.0024,1.0024,1.0024
