condition,bin_mid,n,success,lo,hi,pelvis_h_med,q25,q75
golem_ik/kinematic,-0.05,24,0,0,0.137981,,,
golem_ik/kinematic,0.05,75,0,0,0.0487255,,,
golem_ik/kinematic,0.15,120,0,0,0.0310203,,,
golem_ik/kinematic,0.25,165,0,0,0.0227527,,,
golem_ik/kinematic,0.35,201,0,0,0.018754,,,
golem_ik/kinematic,0.45,237,0,0,0.0159507,,,
golem_ik/kinematic,0.55,255,0,0,0.0148415,,,
golem_ik/kinematic,0.65,267,0,0,0.0141839,,,
golem_ik/kinematic,0.75,282,0,0,0.0134396,,,
golem_ik/kinematic,0.85,288,0,0,0.0131633,,,
golem_ik/kinematic,0.95,288,0.09375,0.0652307,0.132964,,,
golem_ik/kinematic,1.05,264,0.242424,0.194662,0.297575,,,
golem_ik/kinematic,1.15,213,0.375587,0.313295,0.442287,,,
golem_ik/kinematic,1.25,168,0.422619,0.350471,0.498227,,,
golem_ik/kinematic,1.35,123,0.479675,0.393345,0.567236,,,
golem_ik/kinematic,1.45,87,0.494253,0.391681,0.597311,,,
golem_ik/kinematic,1.55,51,0.490196,0.358573,0.623193,,,
golem_ik/kinematic,1.65,33,0.484848,0.325038,0.647819,,,
golem_ik/kinematic,1.75,21,0.47619,0.283437,0.676308,,,
golem_ik/kinematic,-0.05,24,,,,1.0024,1.0024,1.0024
golem_ik/kinematic,0.05,75,,,,1.0024,1.0024,1.0024
golem_ik/kinematic,0.15,120,,,,1.0024,1.0024,1.0024
golem_ik/kinematic,0.25,165,,,,1.0024,1.0024,1.0024
golem_ik/kinematic,0.35,201,,,,1.0024,1.0024,1.0024
golem_ik/kinematic,0.45,237,,,,1.0024,1.0024,1.0024
golem_ik/kinematic,0.55,255,,,,1.0024,1.0024,1.0024
golem_ik/kinematic,0.65,267,,,,1.0024,1.0024,1.0024
golem_ik/kinematic,0.75,282,,,,1.0024,1.0024,1.0024
golem_ik/kinematic,0.85,288,,,,1.0024,1.0024,1.0024
golem_ik/kinematic,0.95,288,,,,1.0024,1.0024,1.0024
golem_ik/kinematic,1.05,264,,,,1.0024,1.0024,1.0024
golem_ik/kinematic,1.15,213,,,,1.0024,1.0024,1.0024
golem_ik/kinematic,1.25,168,,,,1.0024,1.0024,1.0024
golem_ik/kinematic,1.35,123,,,,1.0024,1.0024,1.0024
golem_ik/kinematic,1.45,87,,,,1.0024,1.0024,1.0024
golem_ik/kinematic,1.55,51,,,,1.0024,1.0024,1.0024
golem_ik/kinematic,1.65,33,,,,1.0024,1.0024,1.0024
golem_ik/kinematic,1.75,21,,,,1.0024,1.0024,1.0024
