condition,bin_mid,n,pelvis_h_last1s_med,pelvis_h_last1s_q25,pelvis_h_last1s_q75
l1/isaac,-0.05,24,0.699005,0.688405,0.708493
l1/isaac,0.05,75,0.702587,0.693547,0.713565
l1/isaac,0.15,120,0.708812,0.699218,0.719554
l1/isaac,0.25,165,0.714975,0.70331,0.727424
l1/isaac,0.35,201,0.720718,0.707559,0.731422
l1/isaac,0.45,237,0.725191,0.710967,0.737858
l1/isaac,0.55,255,0.734077,0.720458,0.744564
l1/isaac,0.65,267,0.738307,0.726413,0.752019
l1/isaac,0.75,282,0.74875,0.735325,0.761203
l1/isaac,0.85,288,0.760111,0.745013,0.774057
l1/isaac,0.95,288,0.772634,0.75705,0.789972
l1/isaac,1.05,264,0.781068,0.767237,0.798422
l1/isaac,1.15,213,0.788615,0.773206,0.808477
l1/isaac,1.25,168,0.79372,0.781023,0.813657
l1/isaac,1.35,123,0.798709,0.783314,0.812856
l1/isaac,1.45,87,0.799358,0.788112,0.815912
l1/isaac,1.55,51,0.806651,0.796193,0.822745
l1/isaac,1.65,33,0.81493,0.7991,0.826086
l1/isaac,1.75,21,0.815571,0.799586,0.830438
l0.5/isaac,-0.05,24,0.705488,0.694083,0.725703
l0.5/isaac,0.05,75,0.713368,0.695899,0.731546
l0.5/isaac,0.15,120,0.718162,0.704103,0.734535
l0.5/isaac,0.25,165,0.724769,0.708074,0.739994
l0.5/isaac,0.35,201,0.725741,0.710666,0.74145
l0.5/isaac,0.45,237,0.729878,0.715195,0.747222
l0.5/isaac,0.55,255,0.736039,0.719739,0.750923
l0.5/isaac,0.65,267,0.7433,0.727408,0.75597
l0.5/isaac,0.75,282,0.748845,0.734461,0.765652
l0.5/isaac,0.85,288,0.758859,0.746582,0.773837
l0.5/isaac,0.95,288,0.768688,0.758432,0.786191
l0.5/isaac,1.05,264,0.779135,0.768032,0.794982
l0.5/isaac,1.15,213,0.789771,0.777019,0.806258
l0.5/isaac,1.25,168,0.798509,0.783875,0.815195
l0.5/isaac,1.35,123,0.805966,0.790029,0.826709
l0.5/isaac,1.45,87,0.812492,0.799199,0.831592
l0.5/isaac,1.55,51,0.812821,0.803259,0.837107
l0.5/isaac,1.65,33,0.816707,0.806543,0.838362
l0.5/isaac,1.75,21,0.828464,0.816413,0.847972
l0/isaac,-0.05,24,0.700054,0.694535,0.718438
l0/isaac,0.05,75,0.707529,0.69696,0.727024
l0/isaac,0.15,120,0.709049,0.697581,0.72799
l0/isaac,0.25,165,0.710253,0.694594,0.733352
l0/isaac,0.35,201,0.70654,0.689039,0.730588
l0/isaac,0.45,237,0.706998,0.687717,0.730142
l0/isaac,0.55,255,0.705325,0.686582,0.729407
l0/isaac,0.65,267,0.707783,0.68806,0.730622
l0/isaac,0.75,282,0.707139,0.688134,0.725027
l0/isaac,0.85,288,0.709731,0.691271,0.727545
l0/isaac,0.95,288,0.710576,0.690853,0.729965
l0/isaac,1.05,264,0.71312,0.694735,0.732523
l0/isaac,1.15,213,0.714385,0.6965,0.739311
l0/isaac,1.25,168,0.719591,0.699178,0.73958
l0/isaac,1.35,123,0.721349,0.701933,0.741634
l0/isaac,1.45,87,0.727331,0.707333,0.741506
l0/isaac,1.55,51,0.7246,0.708736,0.747963
l0/isaac,1.65,33,0.738058,0.710082,0.76267
l0/isaac,1.75,21,0.738129,0.710236,0.759115
l0.5_52k/isaac,-0.05,24,0.770017,0.763685,0.776088
l0.5_52k/isaac,0.05,75,0.774217,0.764074,0.78116
l0.5_52k/isaac,0.15,120,0.771255,0.760679,0.781455
l0.5_52k/isaac,0.25,165,0.774539,0.763023,0.782987
l0.5_52k/isaac,0.35,201,0.774666,0.763706,0.783926
l0.5_52k/isaac,0.45,237,0.774352,0.767561,0.785027
l0.5_52k/isaac,0.55,255,0.779398,0.769474,0.790647
l0.5_52k/isaac,0.65,267,0.783509,0.771332,0.795899
l0.5_52k/isaac,0.75,282,0.787442,0.778586,0.799063
l0.5_52k/isaac,0.85,288,0.797896,0.785389,0.811139
l0.5_52k/isaac,0.95,288,0.806163,0.793534,0.820002
l0.5_52k/isaac,1.05,264,0.814809,0.801635,0.8289
l0.5_52k/isaac,1.15,213,0.825519,0.813978,0.837373
l0.5_52k/isaac,1.25,168,0.83454,0.818288,0.847842
l0.5_52k/isaac,1.35,123,0.839589,0.823426,0.852397
l0.5_52k/isaac,1.45,87,0.842097,0.828909,0.856726
l0.5_52k/isaac,1.55,51,0.852113,0.840064,0.863231
l0.5_52k/isaac,1.65,33,0.859255,0.847424,0.868145
l0.5_52k/isaac,1.75,21,0.871011,0.858946,0.88557
golem_ik/kinematic,-0.05,24,1.0024,1.0024,1.0024
golem_ik/kinematic,0.05,75,1.0024,1.0024,1.0024
golem_ik/kinematic,0.15,120,1.0024,1.0024,1.0024
golem_ik/kinematic,0.25,165,1.0024,1.0024,1.0024
golem_ik/kinematic,0.35,201,1.0024,1.0024,1.0024
golem_ik/kinematic,0.45,237,1.0024,1.0024,1.0024
golem_ik/kinematic,0.55,255,1.0024,1.0024,1.0024
golem_ik/kinematic,0.65,267,1.0024,1.0024,1.0024
golem_ik/kinematic,0.75,282,1.0024,1.0024,1.0024
golem_ik/kinematic,0.85,288,1.0024,1.0024,1.0024
golem_ik/kinematic,0.95,288,1.0024,1.0024,1.0024
golem_ik/kinematic,1.05,264,1.0024,1.0024,1.0024
golem_ik/kinematic,1.15,213,1.0024,1.0024,1.0024
golem_ik/kinematic,1.25,168,1.0024,1.0024,1.0024
golem_ik/kinematic,1.35,123,1.0024,1.0024,1.0024
golem_ik/kinematic,1.45,87,1.0024,1.0024,1.0024
golem_ik/kinematic,1.55,51,1.0024,1.0024,1.0024
golem_ik/kinematic,1.65,33,1.0024,1.0024,1.0024
golem_ik/kinematic,1.75,21,1.0024,1.0024,1.0024
