condition,depth,n,pelvis_drop_last1s_med,pelvis_drop_last1s_q25,pelvis_drop_last1s_q75
l1/isaac,0,288,0.0638911,0.0407814,0.0806687
l1/isaac,0.1,288,0.0764849,0.056804,0.0932007
l1/isaac,0.2,288,0.0852605,0.0661565,0.103499
l1/isaac,0.3,288,0.0981791,0.0786405,0.114979
l1/isaac,0.4,288,0.106887,0.0891589,0.123852
l1/isaac,0.5,288,0.118737,0.0983406,0.136154
l1/isaac,0.6,288,0.127567,0.107712,0.142103
l1/isaac,0.7,288,0.133227,0.120243,0.151128
l1/isaac,0.8,288,0.140642,0.128296,0.158635
l1/isaac,0.9,288,0.149268,0.135653,0.164762
l1/isaac,1,288,0.156578,0.142527,0.171077
l0.5/isaac,0,288,0.122383,0.101212,0.140729
l0.5/isaac,0.1,288,0.131955,0.112203,0.15428
l0.5/isaac,0.2,288,0.143651,0.124002,0.164476
l0.5/isaac,0.3,288,0.152613,0.133575,0.171693
l0.5/isaac,0.4,288,0.162265,0.141545,0.184924
l0.5/isaac,0.5,288,0.17144,0.149533,0.191458
l0.5/isaac,0.6,288,0.181335,0.159367,0.200271
l0.5/isaac,0.7,288,0.188979,0.168833,0.207199
l0.5/isaac,0.8,288,0.194439,0.1772,0.215821
l0.5/isaac,0.9,288,0.204455,0.188197,0.220847
l0.5/isaac,1,288,0.208517,0.190237,0.226026
l0/isaac,0,288,0.20247,0.181302,0.224353
l0/isaac,0.1,288,0.203942,0.184094,0.227607
l0/isaac,0.2,288,0.20561,0.186649,0.225941
l0/isaac,0.3,288,0.209881,0.185728,0.230221
l0/isaac,0.4,288,0.213393,0.195022,0.232983
l0/isaac,0.5,288,0.215329,0.194925,0.235699
l0/isaac,0.6,288,0.217419,0.192781,0.235484
l0/isaac,0.7,288,0.216605,0.193,0.239108
l0/isaac,0.8,288,0.213663,0.194763,0.236153
l0/isaac,0.9,288,0.211918,0.186103,0.23785
l0/isaac,1,288,0.216505,0.191407,0.238902
l0.5_52k/isaac,0,288,0.107915,0.0873316,0.126061
l0.5_52k/isaac,0.1,288,0.116928,0.0945349,0.135617
l0.5_52k/isaac,0.2,288,0.122457,0.103335,0.140861
l0.5_52k/isaac,0.3,288,0.135582,0.116641,0.150924
l0.5_52k/isaac,0.4,288,0.141294,0.12748,0.160709
l0.5_52k/isaac,0.5,288,0.150048,0.1338,0.165247
l0.5_52k/isaac,0.6,288,0.157637,0.144216,0.170714
l0.5_52k/isaac,0.7,288,0.163462,0.147566,0.177548
l0.5_52k/isaac,0.8,288,0.166145,0.155636,0.179802
l0.5_52k/isaac,0.9,288,0.170899,0.158511,0.180621
l0.5_52k/isaac,1,288,0.17481,0.16119,0.185561
