condition,bin_mid,n,success,success_lo,success_hi,success_10cm,success_10cm_lo,success_10cm_hi,pelvis_h_last1s_med
l0.5/isaac,-0.05,24,0,0,0.137981,,,,
l0.5/isaac,0.05,75,0,0,0.0487255,,,,
l0.5/isaac,0.15,120,0,0,0.0310203,,,,
l0.5/isaac,0.25,165,0,0,0.0227527,,,,
l0.5/isaac,0.35,201,0,0,0.018754,,,,
l0.5/isaac,0.45,237,0,0,0.0159507,,,,
l0.5/isaac,0.55,255,0,0,0.0148415,,,,
l0.5/isaac,0.65,267,0.00374532,0.00066143,0.0209069,,,,
l0.5/isaac,0.75,282,0.0248227,0.0120749,0.0503429,,,,
l0.5/isaac,0.85,288,0.0798611,0.0538025,0.116981,,,,
l0.5/isaac,0.95,288,0.0833333,0.0566371,0.120999,,,,
l0.5/isaac,1.05,264,0.0909091,0.0618512,0.131702,,,,
l0.5/isaac,1.15,213,0.112676,0.0768958,0.16218,,,,
l0.5/isaac,1.25,168,0.0833333,0.0502869,0.135009,,,,
l0.5/isaac,1.35,123,0.097561,0.0566922,0.162807,,,,
l0.5/isaac,1.45,87,0.0574713,0.0247953,0.127575,,,,
l0.5/isaac,1.55,51,0.0588235,0.0202063,0.159249,,,,
l0.5/isaac,1.65,33,0,0,0.104273,,,,
l0.5/isaac,1.75,21,0,0,0.154644,,,,
l0.5/isaac_legs_blind,-0.05,24,0,0,0.137981,,,,
l0.5/isaac_legs_blind,0.05,75,0,0,0.0487255,,,,
l0.5/isaac_legs_blind,0.15,120,0,0,0.0310203,,,,
l0.5/isaac_legs_blind,0.25,165,0,0,0.0227527,,,,
l0.5/isaac_legs_blind,0.35,201,0,0,0.018754,,,,
l0.5/isaac_legs_blind,0.45,237,0,0,0.0159507,,,,
l0.5/isaac_legs_blind,0.55,255,0,0,0.0148415,,,,
l0.5/isaac_legs_blind,0.65,267,0,0,0.0141839,,,,
l0.5/isaac_legs_blind,0.75,282,0,0,0.0134396,,,,
l0.5/isaac_legs_blind,0.85,288,0,0,0.0131633,,,,
l0.5/isaac_legs_blind,0.95,288,0.00694444,0.00190645,0.0249629,,,,
l0.5/isaac_legs_blind,1.05,264,0.0151515,0.0059074,0.0383038,,,,
l0.5/isaac_legs_blind,1.15,213,0.00469484,0.000829214,0.0261103,,,,
l0.5/isaac_legs_blind,1.25,168,0.0178571,0.00609121,0.0511801,,,,
l0.5/isaac_legs_blind,1.35,123,0.0487805,0.0225455,0.102347,,,,
l0.5/isaac_legs_blind,1.45,87,0.0344828,0.0117956,0.0965424,,,,
l0.5/isaac_legs_blind,1.55,51,0,0,0.070049,,,,
l0.5/isaac_legs_blind,1.65,33,0,0,0.104273,,,,
l0.5/isaac_legs_blind,1.75,21,0,0,0.154644,,,,
l0.5/mujoco,-0.05,24,0,0,0.137981,,,,
l0.5/mujoco,0.05,75,0,0,0.0487255,,,,
l0.5/mujoco,0.15,120,0,0,0.0310203,,,,
l0.5/mujoco,0.25,165,0,0,0.0227527,,,,
l0.5/mujoco,0.35,201,0,0,0.018754,,,,
l0.5/mujoco,0.45,237,0,0,0.0159507,,,,
l0.5/mujoco,0.55,255,0,0,0.0148415,,,,
l0.5/mujoco,0.65,267,0,0,0.0141839,,,,
l0.5/mujoco,0.75,282,0,0,0.0134396,,,,
l0.5/mujoco,0.85,288,0.00347222,0.00061318,0.0194032,,,,
l0.5/mujoco,0.95,288,0.00694444,0.00190645,0.0249629,,,,
l0.5/mujoco,1.05,264,0.00757576,0.00207997,0.027197,,,,
l0.5/mujoco,1.15,213,0.00938967,0.00257872,0.0335841,,,,
l0.5/mujoco,1.25,168,0.00595238,0.00105149,0.0329426,,,,
l0.5/mujoco,1.35,123,0,0,0.0302866,,,,
l0.5/mujoco,1.45,87,0.0229885,0.00632695,0.0799947,,,,
l0.5/mujoco,1.55,51,0,0,0.070049,,,,
l0.5/mujoco,1.65,33,0,0,0.104273,,,,
l0.5/mujoco,1.75,21,0,0,0.154644,,,,
l0.5/mujoco_legs_blind,0.25,18,0,0,0.175885,,,,
l0.5/mujoco_legs_blind,0.35,24,0,0,0.137981,,,,
l0.5/mujoco_legs_blind,0.45,30,0,0,0.113517,,,,
l0.5/mujoco_legs_blind,0.55,30,0,0,0.113517,,,,
l0.5/mujoco_legs_blind,0.65,33,0,0,0.104273,,,,
l0.5/mujoco_legs_blind,0.75,36,0,0,0.0964218,,,,
l0.5/mujoco_legs_blind,0.85,37,0,0,0.094061,,,,
l0.5/mujoco_legs_blind,0.95,39,0,0,0.0896699,,,,
l0.5/mujoco_legs_blind,1.05,27,0,6.93889e-18,0.124559,,,,
l0.5/mujoco_legs_blind,1.15,27,0,6.93889e-18,0.124559,,,,
l0.5/mujoco_legs_blind,1.25,27,0,6.93889e-18,0.124559,,,,
l0.5/mujoco_legs_blind,1.35,18,0,0,0.175885,,,,
l0.5/mujoco_legs_blind,1.45,12,0,0,0.242501,,,,
l0.5/isaac,-0.05,24,,,,0,0,0.137981,
l0.5/isaac,0.05,75,,,,0,0,0.0487255,
l0.5/isaac,0.15,120,,,,0,0,0.0310203,
l0.5/isaac,0.25,165,,,,0,0,0.0227527,
l0.5/isaac,0.35,201,,,,0,0,0.018754,
l0.5/isaac,0.45,237,,,,0,0,0.0159507,
l0.5/isaac,0.55,255,,,,0.00784314,0.00215347,0.0281415,
l0.5/isaac,0.65,267,,,,0.093633,0.0642265,0.134567,
l0.5/isaac,0.75,282,,,,0.265957,0.217784,0.320422,
l0.5/isaac,0.85,288,,,,0.423611,0.367915,0.481318,
l0.5/isaac,0.95,288,,,,0.527778,0.470134,0.58469,
l0.5/isaac,1.05,264,,,,0.530303,0.470096,0.589641,
l0.5/isaac,1.15,213,,,,0.521127,0.45426,0.587245,
l0.5/isaac,1.25,168,,,,0.505952,0.431066,0.580573,
l0.5/isaac,1.35,123,,,,0.487805,0.401184,0.575164,
l0.5/isaac,1.45,87,,,,0.551724,0.447244,0.65183,
l0.5/isaac,1.55,51,,,,0.372549,0.253203,0.50975,
l0.5/isaac,1.65,33,,,,0.242424,0.128316,0.410249,
l0.5/isaac,1.75,21,,,,0.047619,0.00845577,0.226698,
l0.5/isaac_legs_blind,-0.05,24,,,,0,0,0.137981,
l0.5/isaac_legs_blind,0.05,75,,,,0,0,0.0487255,
l0.5/isaac_legs_blind,0.15,120,,,,0,0,0.0310203,
l0.5/isaac_legs_blind,0.25,165,,,,0,0,0.0227527,
l0.5/isaac_legs_blind,0.35,201,,,,0,0,0.018754,
l0.5/isaac_legs_blind,0.45,237,,,,0,0,0.0159507,
l0.5/isaac_legs_blind,0.55,255,,,,0,0,0.0148415,
l0.5/isaac_legs_blind,0.65,267,,,,0,0,0.0141839,
l0.5/isaac_legs_blind,0.75,282,,,,0.0070922,0.00194706,0.0254863,
l0.5/isaac_legs_blind,0.85,288,,,,0.0625,0.0398961,0.0966218,
l0.5/isaac_legs_blind,0.95,288,,,,0.145833,0.109735,0.191256,
l0.5/isaac_legs_blind,1.05,264,,,,0.246212,0.19813,0.301574,
l0.5/isaac_legs_blind,1.15,213,,,,0.230047,0.178608,0.291051,
l0.5/isaac_legs_blind,1.25,168,,,,0.232143,0.174721,0.301541,
l0.5/isaac_legs_blind,1.35,123,,,,0.203252,0.141632,0.282847,
l0.5/isaac_legs_blind,1.45,87,,,,0.241379,0.16364,0.340992,
l0.5/isaac_legs_blind,1.55,51,,,,0.196078,0.110152,0.324583,
l0.5/isaac_legs_blind,1.65,33,,,,0.0909091,0.0314034,0.235729,
l0.5/isaac_legs_blind,1.75,21,,,,0,0,0.154644,
l0.5/mujoco,-0.05,24,,,,0,0,0.137981,
l0.5/mujoco,0.05,75,,,,0,0,0.0487255,
l0.5/mujoco,0.15,120,,,,0,0,0.0310203,
l0.5/mujoco,0.25,165,,,,0,0,0.0227527,
l0.5/mujoco,0.35,201,,,,0,0,0.018754,
l0.5/mujoco,0.45,237,,,,0,0,0.0159507,
l0.5/mujoco,0.55,255,,,,0,0,0.0148415,
l0.5/mujoco,0.65,267,,,,0.0262172,0.0127563,0.0531184,
l0.5/mujoco,0.75,282,,,,0.0957447,0.0666366,0.135719,
l0.5/mujoco,0.85,288,,,,0.177083,0.137331,0.225337,
l0.5/mujoco,0.95,288,,,,0.194444,0.152881,0.244052,
l0.5/mujoco,1.05,264,,,,0.219697,0.173968,0.273466,
l0.5/mujoco,1.15,213,,,,0.169014,0.124653,0.225103,
l0.5/mujoco,1.25,168,,,,0.208333,0.153783,0.275924,
l0.5/mujoco,1.35,123,,,,0.235772,0.16947,0.31808,
l0.5/mujoco,1.45,87,,,,0.241379,0.16364,0.340992,
l0.5/mujoco,1.55,51,,,,0.215686,0.124938,0.346266,
l0.5/mujoco,1.65,33,,,,0.0909091,0.0314034,0.235729,
l0.5/mujoco,1.75,21,,,,0,0,0.154644,
l0.5/mujoco_legs_blind,0.25,18,,,,0,0,0.175885,
l0.5/mujoco_legs_blind,0.35,24,,,,0,0,0.137981,
l0.5/mujoco_legs_blind,0.45,30,,,,0,0,0.113517,
l0.5/mujoco_legs_blind,0.55,30,,,,0,0,0.113517,
l0.5/mujoco_legs_blind,0.65,33,,,,0,0,0.104273,
l0.5/mujoco_legs_blind,0.75,36,,,,0,0,0.0964218,
l0.5/mujoco_legs_blind,0.85,37,,,,0,0,0.094061,
l0.5/mujoco_legs_blind,0.95,39,,,,0.0512821,0.0141777,0.168859,
l0.5/mujoco_legs_blind,1.05,27,,,,0,6.93889e-18,0.124559,
l0.5/mujoco_legs_blind,1.15,27,,,,0.037037,0.00656798,0.182839,
l0.5/mujoco_legs_blind,1.25,27,,,,0.037037,0.00656798,0.182839,
l0.5/mujoco_legs_blind,1.35,18,,,,0.0555556,0.00987494,0.257578,
l0.5/mujoco_legs_blind,1.45,12,,,,0,0,0.242501,
l0.5/isaac,-0.05,24,,,,,,,0.705488
l0.5/isaac,0.05,75,,,,,,,0.713368
l0.5/isaac,0.15,120,,,,,,,0.718162
l0.5/isaac,0.25,165,,,,,,,0.724769
l0.5/isaac,0.35,201,,,,,,,0.725741
l0.5/isaac,0.45,237,,,,,,,0.729878
l0.5/isaac,0.55,255,,,,,,,0.736039
l0.5/isaac,0.65,267,,,,,,,0.7433
l0.5/isaac,0.75,282,,,,,,,0.748845
l0.5/isaac,0.85,288,,,,,,,0.758859
l0.5/isaac,0.95,288,,,,,,,0.768688
l0.5/isaac,1.05,264,,,,,,,0.779135
l0.5/isaac,1.15,213,,,,,,,0.789771
l0.5/isaac,1.25,168,,,,,,,0.798509
l0.5/isaac,1.35,123,,,,,,,0.805966
l0.5/isaac,1.45,87,,,,,,,0.812492
l0.5/isaac,1.55,51,,,,,,,0.812821
l0.5/isaac,1.65,33,,,,,,,0.816707
l0.5/isaac,1.75,21,,,,,,,0.828464
l0.5/isaac_legs_blind,-0.05,24,,,,,,,0.909946
l0.5/isaac_legs_blind,0.05,75,,,,,,,0.909849
l0.5/isaac_legs_blind,0.15,120,,,,,,,0.906813
l0.5/isaac_legs_blind,0.25,165,,,,,,,0.908427
l0.5/isaac_legs_blind,0.35,201,,,,,,,0.909891
l0.5/isaac_legs_blind,0.45,237,,,,,,,0.908231
l0.5/isaac_legs_blind,0.55,255,,,,,,,0.907904
l0.5/isaac_legs_blind,0.65,267,,,,,,,0.902976
l0.5/isaac_legs_blind,0.75,282,,,,,,,0.901016
l0.5/isaac_legs_blind,0.85,288,,,,,,,0.897373
l0.5/isaac_legs_blind,0.95,288,,,,,,,0.893506
l0.5/isaac_legs_blind,1.05,264,,,,,,,0.889589
l0.5/isaac_legs_blind,1.15,213,,,,,,,0.889769
l0.5/isaac_legs_blind,1.25,168,,,,,,,0.887242
l0.5/isaac_legs_blind,1.35,123,,,,,,,0.888295
l0.5/isaac_legs_blind,1.45,87,,,,,,,0.878601
l0.5/isaac_legs_blind,1.55,51,,,,,,,0.869625
l0.5/isaac_legs_blind,1.65,33,,,,,,,0.841333
l0.5/isaac_legs_blind,1.75,21,,,,,,,0.857193
l0.5/mujoco,-0.05,24,,,,,,,0.712665
l0.5/mujoco,0.05,75,,,,,,,0.724193
l0.5/mujoco,0.15,120,,,,,,,0.731346
l0.5/mujoco,0.25,165,,,,,,,0.735779
l0.5/mujoco,0.35,201,,,,,,,0.735917
l0.5/mujoco,0.45,237,,,,,,,0.741369
l0.5/mujoco,0.55,255,,,,,,,0.749966
l0.5/mujoco,0.65,267,,,,,,,0.756764
l0.5/mujoco,0.75,282,,,,,,,0.76585
l0.5/mujoco,0.85,288,,,,,,,0.778727
l0.5/mujoco,0.95,288,,,,,,,0.790135
l0.5/mujoco,1.05,264,,,,,,,0.800955
l0.5/mujoco,1.15,213,,,,,,,0.815478
l0.5/mujoco,1.25,168,,,,,,,0.821524
l0.5/mujoco,1.35,123,,,,,,,0.834531
l0.5/mujoco,1.45,87,,,,,,,0.842584
l0.5/mujoco,1.55,51,,,,,,,0.839516
l0.5/mujoco,1.65,33,,,,,,,0.841901
l0.5/mujoco,1.75,21,,,,,,,0.841292
l0.5/mujoco_legs_blind,0.25,18,,,,,,,0.918619
l0.5/mujoco_legs_blind,0.35,24,,,,,,,0.91911
l0.5/mujoco_legs_blind,0.45,30,,,,,,,0.918234
l0.5/mujoco_legs_blind,0.55,30,,,,,,,0.913441
l0.5/mujoco_legs_blind,0.65,33,,,,,,,0.905157
l0.5/mujoco_legs_blind,0.75,36,,,,,,,0.90666
l0.5/mujoco_legs_blind,0.85,37,,,,,,,0.907406
l0.5/mujoco_legs_blind,0.95,39,,,,,,,0.911196
l0.5/mujoco_legs_blind,1.05,27,,,,,,,0.900054
l0.5/mujoco_legs_blind,1.15,27,,,,,,,0.903325
l0.5/mujoco_legs_blind,1.25,27,,,,,,,0.903931
l0.5/mujoco_legs_blind,1.35,18,,,,,,,0.90675
l0.5/mujoco_legs_blind,1.45,12,,,,,,,0.906041
