condition,group,tau,success_pos
l1/isaac,above,0.01,0
l1/isaac,above,0.015,0
l1/isaac,above,0.02,0
l1/isaac,above,0.025,0
l1/isaac,above,0.03,0.00702576
l1/isaac,above,0.035,0.0179547
l1/isaac,above,0.04,0.0523029
l1/isaac,above,0.045,0.0991413
l1/isaac,above,0.05,0.159251
l1/isaac,above,0.055,0.217018
l1/isaac,above,0.06,0.277127
l1/isaac,above,0.065,0.330211
l1/isaac,above,0.07,0.387198
l1/isaac,above,0.075,0.43872
l1/isaac,above,0.08,0.491803
l1/isaac,above,0.085,0.533177
l1/isaac,above,0.09,0.569087
l1/isaac,above,0.095,0.604215
l1/isaac,above,0.1,0.627635
l1/isaac,above,0.105,0.650273
l1/isaac,above,0.11,0.671351
l1/isaac,above,0.115,0.693208
l1/isaac,above,0.12,0.710383
l1/isaac,above,0.125,0.735363
l1/isaac,above,0.13,0.758782
l1/isaac,above,0.135,0.778298
l1/isaac,above,0.14,0.793911
l1/isaac,above,0.145,0.811866
l1/isaac,above,0.15,0.827479
l1/isaac,above,0.155,0.837627
l1/isaac,above,0.16,0.852459
l1/isaac,above,0.165,0.861046
l1/isaac,above,0.17,0.873536
l1/isaac,above,0.175,0.883685
l1/isaac,above,0.18,0.895394
l1/isaac,above,0.185,0.906323
l1/isaac,above,0.19,0.919594
l1/isaac,above,0.195,0.925059
l1/isaac,above,0.2,0.935988
l0.5/isaac,above,0.01,0
l0.5/isaac,above,0.015,0
l0.5/isaac,above,0.02,0
l0.5/isaac,above,0.025,0
l0.5/isaac,above,0.03,0.00468384
l0.5/isaac,above,0.035,0.0124902
l0.5/isaac,above,0.04,0.0288837
l0.5/isaac,above,0.045,0.0663544
l0.5/isaac,above,0.05,0.0983607
l0.5/isaac,above,0.055,0.147541
l0.5/isaac,above,0.06,0.211553
l0.5/isaac,above,0.065,0.266198
l0.5/isaac,above,0.07,0.316159
l0.5/isaac,above,0.075,0.371585
l0.5/isaac,above,0.08,0.423888
l0.5/isaac,above,0.085,0.464481
l0.5/isaac,above,0.09,0.50039
l0.5/isaac,above,0.095,0.535519
l0.5/isaac,above,0.1,0.558938
l0.5/isaac,above,0.105,0.587822
l0.5/isaac,above,0.11,0.615925
l0.5/isaac,above,0.115,0.644028
l0.5/isaac,above,0.12,0.668228
l0.5/isaac,above,0.125,0.690086
l0.5/isaac,above,0.13,0.716628
l0.5/isaac,above,0.135,0.736144
l0.5/isaac,above,0.14,0.758002
l0.5/isaac,above,0.145,0.776737
l0.5/isaac,above,0.15,0.797034
l0.5/isaac,above,0.155,0.811866
l0.5/isaac,above,0.16,0.828259
l0.5/isaac,above,0.165,0.84153
l0.5/isaac,above,0.17,0.850117
l0.5/isaac,above,0.175,0.861827
l0.5/isaac,above,0.18,0.871975
l0.5/isaac,above,0.185,0.884465
l0.5/isaac,above,0.19,0.893833
l0.5/isaac,above,0.195,0.90242
l0.5/isaac,above,0.2,0.909446
l0/isaac,above,0.01,0
l0/isaac,above,0.015,0
l0/isaac,above,0.02,0
l0/isaac,above,0.025,0
l0/isaac,above,0.03,0.0039032
l0/isaac,above,0.035,0.0140515
l0/isaac,above,0.04,0.0405933
l0/isaac,above,0.045,0.0796253
l0/isaac,above,0.05,0.12256
l0/isaac,above,0.055,0.178767
l0/isaac,above,0.06,0.228728
l0/isaac,above,0.065,0.264637
l0/isaac,above,0.07,0.308353
l0/isaac,above,0.075,0.345043
l0/isaac,above,0.08,0.373927
l0/isaac,above,0.085,0.406714
l0/isaac,above,0.09,0.430133
l0/isaac,above,0.095,0.455894
l0/isaac,above,0.1,0.482436
l0/isaac,above,0.105,0.502732
l0/isaac,above,0.11,0.519906
l0/isaac,above,0.115,0.539422
l0/isaac,above,0.12,0.555035
l0/isaac,above,0.125,0.577674
l0/isaac,above,0.13,0.594848
l0/isaac,above,0.135,0.612022
l0/isaac,above,0.14,0.630757
l0/isaac,above,0.145,0.64637
l0/isaac,above,0.15,0.665886
l0/isaac,above,0.155,0.685402
l0/isaac,above,0.16,0.70726
l0/isaac,above,0.165,0.722092
l0/isaac,above,0.17,0.733802
l0/isaac,above,0.175,0.750976
l0/isaac,above,0.18,0.766589
l0/isaac,above,0.185,0.779859
l0/isaac,above,0.19,0.793911
l0/isaac,above,0.195,0.807182
l0/isaac,above,0.2,0.819672
l0.5_52k/isaac,above,0.01,0
l0.5_52k/isaac,above,0.015,0
l0.5_52k/isaac,above,0.02,0
l0.5_52k/isaac,above,0.025,0.00312256
l0.5_52k/isaac,above,0.03,0.0117096
l0.5_52k/isaac,above,0.035,0.0257611
l0.5_52k/isaac,above,0.04,0.0538642
l0.5_52k/isaac,above,0.045,0.09758
l0.5_52k/isaac,above,0.05,0.130367
l0.5_52k/isaac,above,0.055,0.179547
l0.5_52k/isaac,above,0.06,0.234192
l0.5_52k/isaac,above,0.065,0.274785
l0.5_52k/isaac,above,0.07,0.332553
l0.5_52k/isaac,above,0.075,0.367681
l0.5_52k/isaac,above,0.08,0.399688
l0.5_52k/isaac,above,0.085,0.431694
l0.5_52k/isaac,above,0.09,0.461358
l0.5_52k/isaac,above,0.095,0.497268
l0.5_52k/isaac,above,0.1,0.528493
l0.5_52k/isaac,above,0.105,0.558938
l0.5_52k/isaac,above,0.11,0.576893
l0.5_52k/isaac,above,0.115,0.594848
l0.5_52k/isaac,above,0.12,0.617486
l0.5_52k/isaac,above,0.125,0.636222
l0.5_52k/isaac,above,0.13,0.656518
l0.5_52k/isaac,above,0.135,0.678376
l0.5_52k/isaac,above,0.14,0.69555
l0.5_52k/isaac,above,0.145,0.724434
l0.5_52k/isaac,above,0.15,0.748634
l0.5_52k/isaac,above,0.155,0.763466
l0.5_52k/isaac,above,0.16,0.78064
l0.5_52k/isaac,above,0.165,0.794692
l0.5_52k/isaac,above,0.17,0.80484
l0.5_52k/isaac,above,0.175,0.822014
l0.5_52k/isaac,above,0.18,0.832943
l0.5_52k/isaac,above,0.185,0.850117
l0.5_52k/isaac,above,0.19,0.862607
l0.5_52k/isaac,above,0.195,0.868852
l0.5_52k/isaac,above,0.2,0.884465
l1/isaac_legs_blind,above,0.01,0
l1/isaac_legs_blind,above,0.015,0
l1/isaac_legs_blind,above,0.02,0
l1/isaac_legs_blind,above,0.025,0
l1/isaac_legs_blind,above,0.03,0.00156128
l1/isaac_legs_blind,above,0.035,0.00546448
l1/isaac_legs_blind,above,0.04,0.0171741
l1/isaac_legs_blind,above,0.045,0.0382514
l1/isaac_legs_blind,above,0.05,0.0827479
l1/isaac_legs_blind,above,0.055,0.113973
l1/isaac_legs_blind,above,0.06,0.156909
l1/isaac_legs_blind,above,0.065,0.19516
l1/isaac_legs_blind,above,0.07,0.237315
l1/isaac_legs_blind,above,0.075,0.284934
l1/isaac_legs_blind,above,0.08,0.323966
l1/isaac_legs_blind,above,0.085,0.360656
l1/isaac_legs_blind,above,0.09,0.382514
l1/isaac_legs_blind,above,0.095,0.406714
l1/isaac_legs_blind,above,0.1,0.429352
l1/isaac_legs_blind,above,0.105,0.458236
l1/isaac_legs_blind,above,0.11,0.483216
l1/isaac_legs_blind,above,0.115,0.508977
l1/isaac_legs_blind,above,0.12,0.527713
l1/isaac_legs_blind,above,0.125,0.551913
l1/isaac_legs_blind,above,0.13,0.57299
l1/isaac_legs_blind,above,0.135,0.593286
l1/isaac_legs_blind,above,0.14,0.608899
l1/isaac_legs_blind,above,0.145,0.627635
l1/isaac_legs_blind,above,0.15,0.649493
l1/isaac_legs_blind,above,0.155,0.674473
l1/isaac_legs_blind,above,0.16,0.690867
l1/isaac_legs_blind,above,0.165,0.70726
l1/isaac_legs_blind,above,0.17,0.729118
l1/isaac_legs_blind,above,0.175,0.752537
l1/isaac_legs_blind,above,0.18,0.765027
l1/isaac_legs_blind,above,0.185,0.776737
l1/isaac_legs_blind,above,0.19,0.791569
l1/isaac_legs_blind,above,0.195,0.805621
l1/isaac_legs_blind,above,0.2,0.828259
golem_ik/kinematic,above,0.01,0.187354
golem_ik/kinematic,above,0.015,0.203747
golem_ik/kinematic,above,0.02,0.213115
golem_ik/kinematic,above,0.025,0.230289
golem_ik/kinematic,above,0.03,0.24434
golem_ik/kinematic,above,0.035,0.259173
golem_ik/kinematic,above,0.04,0.273224
golem_ik/kinematic,above,0.045,0.294301
golem_ik/kinematic,above,0.05,0.309914
golem_ik/kinematic,above,0.055,0.323966
golem_ik/kinematic,above,0.06,0.345043
golem_ik/kinematic,above,0.065,0.373146
golem_ik/kinematic,above,0.07,0.405152
golem_ik/kinematic,above,0.075,0.42623
golem_ik/kinematic,above,0.08,0.43872
golem_ik/kinematic,above,0.085,0.460578
golem_ik/kinematic,above,0.09,0.474629
golem_ik/kinematic,above,0.095,0.495706
golem_ik/kinematic,above,0.1,0.517564
golem_ik/kinematic,above,0.105,0.540203
golem_ik/kinematic,above,0.11,0.547229
golem_ik/kinematic,above,0.115,0.556596
golem_ik/kinematic,above,0.12,0.57377
golem_ik/kinematic,above,0.125,0.58548
golem_ik/kinematic,above,0.13,0.608119
golem_ik/kinematic,above,0.135,0.626073
golem_ik/kinematic,above,0.14,0.644028
golem_ik/kinematic,above,0.145,0.65808
golem_ik/kinematic,above,0.15,0.671351
golem_ik/kinematic,above,0.155,0.686963
golem_ik/kinematic,above,0.16,0.704918
golem_ik/kinematic,above,0.165,0.71975
golem_ik/kinematic,above,0.17,0.734582
golem_ik/kinematic,above,0.175,0.751756
golem_ik/kinematic,above,0.18,0.76815
golem_ik/kinematic,above,0.185,0.79235
golem_ik/kinematic,above,0.19,0.805621
golem_ik/kinematic,above,0.195,0.822795
golem_ik/kinematic,above,0.2,0.832162
l1/isaac,below,0.01,0
l1/isaac,below,0.015,0
l1/isaac,below,0.02,0
l1/isaac,below,0.025,0.000529942
l1/isaac,below,0.03,0.000529942
l1/isaac,below,0.035,0.00529942
l1/isaac,below,0.04,0.0100689
l1/isaac,below,0.045,0.0217276
l1/isaac,below,0.05,0.0328564
l1/isaac,below,0.055,0.045045
l1/isaac,below,0.06,0.0609433
l1/isaac,below,0.065,0.0720721
l1/isaac,below,0.07,0.0879703
l1/isaac,below,0.075,0.104399
l1/isaac,below,0.08,0.120297
l1/isaac,below,0.085,0.132485
l1/isaac,below,0.09,0.141494
l1/isaac,below,0.095,0.152093
l1/isaac,below,0.1,0.166402
l1/isaac,below,0.105,0.18018
l1/isaac,below,0.11,0.192369
l1/isaac,below,0.115,0.206147
l1/isaac,below,0.12,0.219926
l1/isaac,below,0.125,0.231585
l1/isaac,below,0.13,0.246423
l1/isaac,below,0.135,0.258612
l1/isaac,below,0.14,0.27027
l1/isaac,below,0.145,0.282459
l1/isaac,below,0.15,0.290408
l1/isaac,below,0.155,0.303657
l1/isaac,below,0.16,0.315845
l1/isaac,below,0.165,0.329094
l1/isaac,below,0.17,0.335453
l1/isaac,below,0.175,0.344992
l1/isaac,below,0.18,0.358241
l1/isaac,below,0.185,0.368309
l1/isaac,below,0.19,0.383148
l1/isaac,below,0.195,0.390567
l1/isaac,below,0.2,0.405935
l0.5/isaac,below,0.01,0
l0.5/isaac,below,0.015,0
l0.5/isaac,below,0.02,0
l0.5/isaac,below,0.025,0
l0.5/isaac,below,0.03,0
l0.5/isaac,below,0.035,0.00105988
l0.5/isaac,below,0.04,0.00317965
l0.5/isaac,below,0.045,0.00847907
l0.5/isaac,below,0.05,0.018548
l0.5/isaac,below,0.055,0.0307366
l0.5/isaac,below,0.06,0.0439852
l0.5/isaac,below,0.065,0.0540541
l0.5/isaac,below,0.07,0.0646529
l0.5/isaac,below,0.075,0.072602
l0.5/isaac,below,0.08,0.0847907
l0.5/isaac,below,0.085,0.0916799
l0.5/isaac,below,0.09,0.107578
l0.5/isaac,below,0.095,0.120827
l0.5/isaac,below,0.1,0.133545
l0.5/isaac,below,0.105,0.145204
l0.5/isaac,below,0.11,0.155803
l0.5/isaac,below,0.115,0.168521
l0.5/isaac,below,0.12,0.17859
l0.5/isaac,below,0.125,0.18548
l0.5/isaac,below,0.13,0.193959
l0.5/isaac,below,0.135,0.203498
l0.5/isaac,below,0.14,0.214626
l0.5/isaac,below,0.145,0.219926
l0.5/isaac,below,0.15,0.231055
l0.5/isaac,below,0.155,0.241123
l0.5/isaac,below,0.16,0.253842
l0.5/isaac,below,0.165,0.262851
l0.5/isaac,below,0.17,0.27716
l0.5/isaac,below,0.175,0.293058
l0.5/isaac,below,0.18,0.307366
l0.5/isaac,below,0.185,0.317965
l0.5/isaac,below,0.19,0.327504
l0.5/isaac,below,0.195,0.335983
l0.5/isaac,below,0.2,0.347642
l0/isaac,below,0.01,0
l0/isaac,below,0.015,0
l0/isaac,below,0.02,0
l0/isaac,below,0.025,0.000529942
l0/isaac,below,0.03,0.00423953
l0/isaac,below,0.035,0.0105988
l0/isaac,below,0.04,0.0254372
l0/isaac,below,0.045,0.0381558
l0/isaac,below,0.05,0.0551139
l0/isaac,below,0.055,0.0710122
l0/isaac,below,0.06,0.0869104
l0/isaac,below,0.065,0.108638
l0/isaac,below,0.07,0.126126
l0/isaac,below,0.075,0.142024
l0/isaac,below,0.08,0.158453
l0/isaac,below,0.085,0.176471
l0/isaac,below,0.09,0.18495
l0/isaac,below,0.095,0.196078
l0/isaac,below,0.1,0.209857
l0/isaac,below,0.105,0.216216
l0/isaac,below,0.11,0.228405
l0/isaac,below,0.115,0.238474
l0/isaac,below,0.12,0.249073
l0/isaac,below,0.125,0.260731
l0/isaac,below,0.13,0.27133
l0/isaac,below,0.135,0.281399
l0/isaac,below,0.14,0.296767
l0/isaac,below,0.145,0.306306
l0/isaac,below,0.15,0.317435
l0/isaac,below,0.155,0.330684
l0/isaac,below,0.16,0.341812
l0/isaac,below,0.165,0.352411
l0/isaac,below,0.17,0.36142
l0/isaac,below,0.175,0.370959
l0/isaac,below,0.18,0.381028
l0/isaac,below,0.185,0.391097
l0/isaac,below,0.19,0.405405
l0/isaac,below,0.195,0.419714
l0/isaac,below,0.2,0.429253
l0.5_52k/isaac,below,0.01,0
l0.5_52k/isaac,below,0.015,0
l0.5_52k/isaac,below,0.02,0
l0.5_52k/isaac,below,0.025,0
l0.5_52k/isaac,below,0.03,0
l0.5_52k/isaac,below,0.035,0
l0.5_52k/isaac,below,0.04,0.00158983
l0.5_52k/isaac,below,0.045,0.00423953
l0.5_52k/isaac,below,0.05,0.00847907
l0.5_52k/isaac,below,0.055,0.0148384
l0.5_52k/isaac,below,0.06,0.0201378
l0.5_52k/isaac,below,0.065,0.0259671
l0.5_52k/isaac,below,0.07,0.0307366
l0.5_52k/isaac,below,0.075,0.0397456
l0.5_52k/isaac,below,0.08,0.0434552
l0.5_52k/isaac,below,0.085,0.0487546
l0.5_52k/isaac,below,0.09,0.0561738
l0.5_52k/isaac,below,0.095,0.063593
l0.5_52k/isaac,below,0.1,0.0704822
l0.5_52k/isaac,below,0.105,0.0800212
l0.5_52k/isaac,below,0.11,0.0890302
l0.5_52k/isaac,below,0.115,0.0990991
l0.5_52k/isaac,below,0.12,0.110758
l0.5_52k/isaac,below,0.125,0.114997
l0.5_52k/isaac,below,0.13,0.120827
l0.5_52k/isaac,below,0.135,0.130896
l0.5_52k/isaac,below,0.14,0.142554
l0.5_52k/isaac,below,0.145,0.150503
l0.5_52k/isaac,below,0.15,0.158983
l0.5_52k/isaac,below,0.155,0.166932
l0.5_52k/isaac,below,0.16,0.17912
l0.5_52k/isaac,below,0.165,0.192369
l0.5_52k/isaac,below,0.17,0.202438
l0.5_52k/isaac,below,0.175,0.210387
l0.5_52k/isaac,below,0.18,0.220986
l0.5_52k/isaac,below,0.185,0.232644
l0.5_52k/isaac,below,0.19,0.245893
l0.5_52k/isaac,below,0.195,0.257552
l0.5_52k/isaac,below,0.2,0.268151
l1/isaac_legs_blind,below,0.01,0
l1/isaac_legs_blind,below,0.015,0
l1/isaac_legs_blind,below,0.02,0
l1/isaac_legs_blind,below,0.025,0.000529942
l1/isaac_legs_blind,below,0.03,0.000529942
l1/isaac_legs_blind,below,0.035,0.00158983
l1/isaac_legs_blind,below,0.04,0.00476948
l1/isaac_legs_blind,below,0.045,0.00900901
l1/isaac_legs_blind,below,0.05,0.0153683
l1/isaac_legs_blind,below,0.055,0.0211977
l1/isaac_legs_blind,below,0.06,0.0264971
l1/isaac_legs_blind,below,0.065,0.0370959
l1/isaac_legs_blind,below,0.07,0.0439852
l1/isaac_legs_blind,below,0.075,0.0519343
l1/isaac_legs_blind,below,0.08,0.0588235
l1/isaac_legs_blind,below,0.085,0.0651828
l1/isaac_legs_blind,below,0.09,0.0699523
l1/isaac_legs_blind,below,0.095,0.0741918
l1/isaac_legs_blind,below,0.1,0.0853206
l1/isaac_legs_blind,below,0.105,0.0948596
l1/isaac_legs_blind,below,0.11,0.102809
l1/isaac_legs_blind,below,0.115,0.112878
l1/isaac_legs_blind,below,0.12,0.121357
l1/isaac_legs_blind,below,0.125,0.133015
l1/isaac_legs_blind,below,0.13,0.142554
l1/isaac_legs_blind,below,0.135,0.149974
l1/isaac_legs_blind,below,0.14,0.157393
l1/isaac_legs_blind,below,0.145,0.167992
l1/isaac_legs_blind,below,0.15,0.176471
l1/isaac_legs_blind,below,0.155,0.190779
l1/isaac_legs_blind,below,0.16,0.200848
l1/isaac_legs_blind,below,0.165,0.213037
l1/isaac_legs_blind,below,0.17,0.221516
l1/isaac_legs_blind,below,0.175,0.232644
l1/isaac_legs_blind,below,0.18,0.240064
l1/isaac_legs_blind,below,0.185,0.251722
l1/isaac_legs_blind,below,0.19,0.263911
l1/isaac_legs_blind,below,0.195,0.27557
l1/isaac_legs_blind,below,0.2,0.288288
golem_ik/kinematic,below,0.01,0
golem_ik/kinematic,below,0.015,0
golem_ik/kinematic,below,0.02,0
golem_ik/kinematic,below,0.025,0
golem_ik/kinematic,below,0.03,0
golem_ik/kinematic,below,0.035,0
golem_ik/kinematic,below,0.04,0
golem_ik/kinematic,below,0.045,0
golem_ik/kinematic,below,0.05,0
golem_ik/kinematic,below,0.055,0.00105988
golem_ik/kinematic,below,0.06,0.00105988
golem_ik/kinematic,below,0.065,0.00105988
golem_ik/kinematic,below,0.07,0.00105988
golem_ik/kinematic,below,0.075,0.00158983
golem_ik/kinematic,below,0.08,0.00264971
golem_ik/kinematic,below,0.085,0.00264971
golem_ik/kinematic,below,0.09,0.00317965
golem_ik/kinematic,below,0.095,0.00317965
golem_ik/kinematic,below,0.1,0.00423953
golem_ik/kinematic,below,0.105,0.00476948
golem_ik/kinematic,below,0.11,0.00688924
golem_ik/kinematic,below,0.115,0.00794913
golem_ik/kinematic,below,0.12,0.00900901
golem_ik/kinematic,below,0.125,0.00900901
golem_ik/kinematic,below,0.13,0.0105988
golem_ik/kinematic,below,0.135,0.0116587
golem_ik/kinematic,below,0.14,0.0132485
golem_ik/kinematic,below,0.145,0.0158983
golem_ik/kinematic,below,0.15,0.018548
golem_ik/kinematic,below,0.155,0.0233174
golem_ik/kinematic,below,0.16,0.027557
golem_ik/kinematic,below,0.165,0.027557
golem_ik/kinematic,below,0.17,0.0312666
golem_ik/kinematic,below,0.175,0.0344462
golem_ik/kinematic,below,0.18,0.036036
golem_ik/kinematic,below,0.185,0.0413355
golem_ik/kinematic,below,0.19,0.0461049
golem_ik/kinematic,below,0.195,0.0482247
golem_ik/kinematic,below,0.2,0.0540541
