condition,depth,n,success,success_lo,success_hi
l1/isaac,0,288,0.0520833,0.0318137,0.0841451
l1/isaac,0.1,288,0.100694,0.0710274,0.140874
l1/isaac,0.2,288,0.118056,0.0857225,0.160444
l1/isaac,0.3,288,0.118056,0.0857225,0.160444
l1/isaac,0.4,288,0.0868056,0.0594872,0.125002
l1/isaac,0.5,288,0.0763889,0.0509842,0.112946
l1/isaac,0.6,288,0.0451389,0.0265661,0.0756866
l1/isaac,0.7,288,0.0173611,0.00743774,0.0399907
l1/isaac,0.8,288,0.00694444,0.00190645,0.0249629
l1/isaac,0.9,288,0,0,0.0131633
l1/isaac,1,288,0,0,0.0131633
l0.5/isaac,0,288,0.0486111,0.0291741,0.0799317
l0.5/isaac,0.1,288,0.0625,0.0398961,0.0966218
l0.5/isaac,0.2,288,0.0763889,0.0509842,0.112946
l0.5/isaac,0.3,288,0.09375,0.0652307,0.132964
l0.5/isaac,0.4,288,0.0763889,0.0509842,0.112946
l0.5/isaac,0.5,288,0.0416667,0.0239929,0.0714068
l0.5/isaac,0.6,288,0.0347222,0.0189676,0.062726
l0.5/isaac,0.7,288,0.0243056,0.0118223,0.0493122
l0.5/isaac,0.8,288,0.0104167,0.00354875,0.0301737
l0.5/isaac,0.9,288,0.00347222,0.00061318,0.0194032
l0.5/isaac,1,288,0.00347222,0.00061318,0.0194032
l0/isaac,0,288,0.0590278,0.0371769,0.092488
l0/isaac,0.1,288,0.0972222,0.0681227,0.136925
l0/isaac,0.2,288,0.135417,0.100666,0.179765
l0/isaac,0.3,288,0.138889,0.103681,0.183604
l0/isaac,0.4,288,0.0798611,0.0538025,0.116981
l0/isaac,0.5,288,0.0590278,0.0371769,0.092488
l0/isaac,0.6,288,0.0381944,0.0214585,0.0670881
l0/isaac,0.7,288,0.0208333,0.00958211,0.0446994
l0/isaac,0.8,288,0.0104167,0.00354875,0.0301737
l0/isaac,0.9,288,0.00694444,0.00190645,0.0249629
l0/isaac,1,288,0.00347222,0.00061318,0.0194032
l0.5_52k/isaac,0,288,0.0486111,0.0291741,0.0799317
l0.5_52k/isaac,0.1,288,0.0798611,0.0538025,0.116981
l0.5_52k/isaac,0.2,288,0.107639,0.0768725,0.148735
l0.5_52k/isaac,0.3,288,0.100694,0.0710274,0.140874
l0.5_52k/isaac,0.4,288,0.0590278,0.0371769,0.092488
l0.5_52k/isaac,0.5,288,0.0243056,0.0118223,0.0493122
l0.5_52k/isaac,0.6,288,0.0208333,0.00958211,0.0446994
l0.5_52k/isaac,0.7,288,0.0173611,0.00743774,0.0399907
l0.5_52k/isaac,0.8,288,0.0104167,0.00354875,0.0301737
l0.5_52k/isaac,0.9,288,0.00347222,0.00061318,0.0194032
l0.5_52k/isaac,1,288,0,0,0.0131633
golem_ik/kinematic,0,288,0.451389,0.394931,0.509126
golem_ik/kinematic,0.1,288,0.371528,0.317753,0.428684
golem_ik/kinematic,0.2,288,0.25,0.203502,0.30308
golem_ik/kinematic,0.3,288,0.142361,0.106704,0.187434
golem_ik/kinematic,0.4,288,0.100694,0.0710274,0.140874
golem_ik/kinematic,0.5,288,0.0347222,0.0189676,0.062726
golem_ik/kinematic,0.6,288,0.0173611,0.00743774,0.0399907
golem_ik/kinematic,0.7,288,0.00694444,0.00190645,0.0249629
golem_ik/kinematic,0.8,288,0.00347222,0.00061318,0.0194032
golem_ik/kinematic,0.9,288,0,0,0.0131633
golem_ik/kinematic,1,288,0,0,0.0131633
