label,step,transitions,depth_level,reach_rate,crouch_reach_rate,goal_position_error_cm,goal_orientation_error_rad,best_error_cm,pelvis_drop_cm,target_drop_cm,walk_error_m_s,falls
l0.5,24,98304,0,nan,nan,nan,nan,nan,nan,nan,nan,0
l0.5,264,1.08134e+06,0,nan,nan,nan,nan,nan,nan,nan,0.70989,1
l0.5,504,2.06438e+06,0,nan,nan,nan,nan,nan,nan,nan,0.71261,1
l0.5,744,3.04742e+06,0,nan,nan,nan,nan,nan,nan,nan,0.715327,1
l0.5,984,4.03046e+06,0,nan,nan,nan,nan,nan,nan,nan,0.708808,1
l0.5,1224,5.0135e+06,0,nan,nan,nan,nan,nan,nan,nan,0.705198,1
l0.5,1464,5.99654e+06,0,nan,nan,nan,nan,nan,nan,nan,0.700792,1
l0.5,1704,6.97958e+06,0,nan,nan,nan,nan,nan,nan,nan,0.688397,1
l0.5,1944,7.96262e+06,0,nan,nan,nan,nan,nan,nan,nan,0.705706,1
l0.5,2184,8.94566e+06,0,nan,nan,nan,nan,nan,nan,nan,0.705049,1
l0.5,2424,9.9287e+06,0,nan,nan,nan,nan,nan,nan,nan,0.698396,1
l0.5,2664,1.09117e+07,0,nan,nan,nan,nan,nan,nan,nan,0.687025,1
l0.5,2904,1.18948e+07,0,nan,nan,nan,nan,nan,nan,nan,0.680182,1
l0.5,3144,1.28778e+07,0,nan,nan,nan,nan,nan,nan,nan,0.627328,1
l0.5,3384,1.38609e+07,0,nan,nan,nan,nan,nan,nan,nan,0.577912,1
l0.5,3624,1.48439e+07,0,nan,nan,nan,nan,nan,nan,nan,0.53498,1
l0.5,3864,1.58269e+07,0,nan,nan,nan,nan,nan,nan,nan,0.512939,0.994059
l0.5,4104,1.681e+07,0,nan,nan,nan,nan,nan,nan,nan,0.422865,0.906352
l0.5,4344,1.7793e+07,0,nan,nan,nan,nan,nan,nan,nan,0.404171,0.724141
l0.5,4584,1.87761e+07,0,nan,nan,nan,nan,nan,nan,nan,0.362784,0.47052
l0.5,4824,1.97591e+07,0,nan,nan,nan,nan,nan,nan,nan,0.355536,0.312429
l0.5,5064,2.07421e+07,0,nan,nan,nan,nan,nan,nan,nan,0.32421,0.224935
l0.5,5304,2.17252e+07,0,nan,nan,nan,nan,nan,nan,nan,0.326256,0.155029
l0.5,5544,2.27082e+07,0,nan,nan,nan,nan,nan,nan,nan,0.324938,0.113475
l0.5,5784,2.36913e+07,0,nan,nan,nan,nan,nan,nan,nan,0.308816,0.0835775
l0.5,6024,2.46743e+07,0,nan,nan,nan,nan,nan,nan,nan,0.31349,0.0696716
l0.5,6264,2.56573e+07,0,nan,nan,nan,nan,nan,nan,nan,0.302007,0.0635274
l0.5,6504,2.66404e+07,0,nan,nan,nan,nan,nan,nan,nan,0.307871,0.0563863
l0.5,6744,2.76234e+07,0,nan,nan,nan,nan,nan,nan,nan,0.318437,0.0560099
l0.5,6984,2.86065e+07,0,nan,nan,nan,nan,nan,nan,nan,0.309335,0.0531209
l0.5,7224,2.95895e+07,0,nan,nan,nan,nan,nan,nan,nan,0.3014,0.0518188
l0.5,7464,3.05725e+07,0,nan,nan,55.4162,1.42538,nan,18.6675,0,0.295181,0.0690409
l0.5,7704,3.15556e+07,0,nan,nan,48.3921,1.10861,nan,13.7014,0,0.278765,0.432414
l0.5,7944,3.25386e+07,0,0,nan,51.0374,1.10393,17.4544,13.355,0,0.284032,0.679637
l0.5,8184,3.35217e+07,0,0,nan,48.2733,1.04728,11.3082,12.473,0,0.298357,0.813588
l0.5,8424,3.45047e+07,0,0,nan,50.275,1.07634,21.1725,11.8322,0,0.302501,0.895579
l0.5,8664,3.54877e+07,0,0,nan,49.6586,1.1001,18.385,11.7067,0,0.302674,0.912252
l0.5,8904,3.64708e+07,0,0,nan,49.6565,1.02661,21.7176,11.3588,0,0.302779,0.908498
l0.5,9144,3.74538e+07,0,0,nan,49.3927,1.09183,19.8763,11.4252,0,0.298695,0.910431
l0.5,9384,3.84369e+07,0,0,nan,49.8741,1.10562,16.9901,11.0907,0,0.30845,0.906657
l0.5,9624,3.94199e+07,0,0,nan,46.6446,1.0679,20.8284,10.8347,0,0.307089,0.895518
l0.5,9864,4.04029e+07,0,0,nan,52.7731,1.05126,18.1533,10.6121,0,0.300729,0.885752
l0.5,10104,4.1386e+07,0,0,nan,50.9862,1.05283,19.8891,9.05559,0,0.312991,0.883036
l0.5,10344,4.2369e+07,0,0,nan,51.4172,1.04563,18.9138,8.5186,0,0.306164,0.871846
l0.5,10584,4.33521e+07,0,0,nan,51.0028,1.07349,19.4881,8.54789,0,0.324675,0.848053
l0.5,10824,4.43351e+07,0,0,nan,47.9197,1.01705,20.2838,7.86558,0,0.318986,0.831909
l0.5,11064,4.53181e+07,0,0,nan,51.7688,1.02647,20.4633,6.77422,0,0.356537,0.794678
l0.5,11304,4.63012e+07,0,0,nan,50.5519,1.04857,22.1418,6.80106,0,0.334625,0.745616
l0.5,11544,4.72842e+07,0,0,nan,45.4041,0.966005,21.0056,6.02973,0,0.311545,0.686401
l0.5,11784,4.82673e+07,0.000244141,0,nan,47.5934,1.00285,18.936,5.91674,0,0.317837,0.610524
l0.5,12024,4.92503e+07,0.000244141,0,nan,46.4696,1.00266,21.6111,5.31427,0,0.315799,0.554484
l0.5,12264,5.02333e+07,0.000244141,0,nan,44.0932,0.959643,21.5356,5.04585,0,0.333395,0.485148
l0.5,12504,5.12164e+07,0.000732422,0,nan,40.8435,0.900354,18.9681,5.09881,0,0.319579,0.426849
l0.5,12744,5.21994e+07,0.0012207,0,nan,39.0853,0.963263,17.821,5.16001,0,0.357619,0.368652
l0.5,12984,5.31825e+07,0.00195312,0,nan,42.2923,0.943766,20.9274,5.29139,0,0.305365,0.325999
l0.5,13224,5.41655e+07,0.00430298,0,nan,35.5315,0.916023,18.6159,5.02741,0,0.318886,0.29007
l0.5,13464,5.51485e+07,0.00742594,0,nan,35.5698,0.898439,18.8425,4.87797,0.0203742,0.333785,0.260264
l0.5,13704,5.61316e+07,0.0110474,0,nan,33.5182,0.907047,18.7354,4.76429,0.0147275,0.314914,0.230092
l0.5,13944,5.71146e+07,0.0162354,0,nan,33.0052,0.901822,18.399,4.80444,0,0.294139,0.201965
l0.5,14184,5.80977e+07,0.0224202,0,nan,32.1509,0.914455,17.1325,4.73586,0.105519,0.308571,0.17509
l0.5,14424,5.90807e+07,0.0289205,0,nan,30.1079,0.884702,17.057,4.51061,0.0498007,0.295044,0.142812
l0.5,14664,6.00637e+07,0.0395203,0,nan,30.2256,0.897661,17.682,4.78105,0.0424951,0.323181,0.130666
l0.5,14904,6.10468e+07,0.0473531,0,nan,33.5246,0.87557,18.6717,4.61399,0.219325,0.305257,0.119995
l0.5,15144,6.20298e+07,0.0611877,0,nan,27.4554,0.821984,15.8633,4.95132,0.13077,0.311239,0.110647
l0.5,15384,6.30129e+07,0.0780741,0,nan,28.0373,0.83342,16.4517,4.8335,0.13662,0.298375,0.0979106
l0.5,15624,6.39959e+07,0.0932312,0,nan,26.9067,0.878259,16.7069,4.84855,0.0663565,0.321979,0.0835876
l0.5,15864,6.49789e+07,0.114563,0,nan,26.5023,0.910191,15.2887,5.21228,0.555822,0.307389,0.0676778
l0.5,16104,6.5962e+07,0.136251,0,nan,27.0683,0.894313,15.9705,5.03301,0.40038,0.314874,0.0680033
l0.5,16344,6.6945e+07,0.155986,0,nan,25.5573,0.893375,15.714,5.00161,0.561839,0.279187,0.0685628
l0.5,16584,6.79281e+07,0.18336,0,0,25.5053,0.854442,14.8354,5.26249,0.972744,0.294405,0.0690104
l0.5,16824,6.89111e+07,0.210215,0,0,24.1628,0.817086,14.5213,5.33392,0.852618,0.315238,0.0680542
l0.5,17064,6.98941e+07,0.24172,0,nan,23.6893,0.851747,13.983,5.59084,0.808765,0.311944,0.0611471
l0.5,17304,7.08772e+07,0.274231,0,0,24.7669,0.854336,14.074,5.73508,0.931696,0.28027,0.0612386
l0.5,17544,7.18602e+07,0.306203,0,0,24.452,0.885859,14.4604,5.75137,1.44126,0.294072,0.0662231
l0.5,17784,7.28433e+07,0.344482,0,0,22.0856,0.778559,12.2508,5.78526,1.44538,0.294383,0.066569
l0.5,18024,7.38263e+07,0.390411,0,0,22.7011,0.800961,12.6687,5.88452,2.16977,0.293164,0.0622253
l0.5,18264,7.48093e+07,0.437551,0,0,21.4955,0.828252,12.4004,5.85518,1.91924,0.302789,0.0584412
l0.5,18504,7.57924e+07,0.482117,0.0033313,0,21.8941,0.812029,12.4578,5.91108,2.49589,0.291963,0.0488485
l0.5,18744,7.67754e+07,0.530426,0,0,20.9577,0.821829,11.9875,5.94564,2.76187,0.29477,0.0421956
l0.5,18984,7.77585e+07,0.576711,0,0,22.8792,0.907637,13.1957,6.11484,2.46143,0.294342,0.041097
l0.5,19224,7.87415e+07,0.63559,0,0,21.6136,0.873608,12.5815,6.1846,2.61608,0.3126,0.0361023
l0.5,19464,7.97245e+07,0.688517,0,0,19.9413,0.830985,11.5991,6.51335,3.12304,0.301428,0.0328064
l0.5,19704,8.07076e+07,0.741618,0,0,21.4183,0.803859,12.211,6.56913,3.45043,0.294476,0.03125
l0.5,19944,8.16906e+07,0.803436,0,0,20.3245,0.774841,11.9253,6.89497,2.9738,0.313005,0.0303345
l0.5,20184,8.26737e+07,0.868907,0,0,18.9326,0.801408,11.4976,7.09542,3.45549,0.279725,0.0307922
l0.5,20424,8.36567e+07,0.929423,0,0,18.609,0.811885,10.6309,7.02238,4.49145,0.311874,0.0352681
l0.5,20664,8.46397e+07,0.993886,0.00281743,0,19.804,0.817616,12.6121,7.15546,5.31146,0.291031,0.0366618
l0.5,20904,8.56228e+07,1.05728,0,0,19.5727,0.817804,12.0166,7.35592,3.42505,0.299087,0.0366211
l0.5,21144,8.66058e+07,1.109,0,0,19.4746,0.798247,11.085,7.39925,4.49104,0.311443,0.0420532
l0.5,21384,8.75889e+07,1.16715,0,0,19.7147,0.802081,11.0502,7.59889,6.1707,0.291332,0.0362345
l0.5,21624,8.85719e+07,1.22759,0,0,20.5013,0.779488,11.4031,7.59034,4.32316,0.28612,0.0352783
l0.5,21864,8.95549e+07,1.29152,0,0,17.7153,0.762853,10.2746,7.87832,5.52592,0.289893,0.03361
l0.5,22104,9.0538e+07,1.35419,0.00521739,0,18.5995,0.815118,10.3258,7.99413,4.846,0.300178,0.0288391
l0.5,22344,9.1521e+07,1.41947,0,0,17.8381,0.747353,10.4666,8.24001,6.48796,0.303112,0.0271403
l0.5,22584,9.25041e+07,1.49738,0,0,18.0972,0.787407,10.2935,8.48854,6.4981,0.277116,0.0267843
l0.5,22824,9.34871e+07,1.57017,0.00327529,0,17.1701,0.772146,9.88543,8.52286,7.77603,0.302548,0.0227458
l0.5,23064,9.44701e+07,1.64721,0,0,17.3781,0.791865,9.66451,8.6885,7.68271,0.301704,0.0185445
l0.5,23304,9.54532e+07,1.72148,0,0,16.901,0.736907,9.66546,8.53638,8.98557,0.295467,0.0160929
l0.5,23544,9.64362e+07,1.79733,0.0119487,0,18.0029,0.785945,9.9524,8.66264,7.96452,0.297521,0.0141602
l0.5,23784,9.74193e+07,1.8645,0,0,15.8152,0.734209,8.73848,8.68934,10.2785,0.27459,0.0136515
l0.5,24024,9.84023e+07,1.94703,0,0,16.4815,0.77579,9.09814,8.76299,8.86347,0.293521,0.0131531
l0.5,24264,9.93853e+07,2.02746,0,0,17.3594,0.802301,10.1442,8.74613,9.82115,0.29285,0.0160522
l0.5,24504,1.00368e+08,2.10254,0,0,17.1254,0.766313,9.068,8.69983,10.506,0.288357,0.0178121
l0.5,24744,1.01351e+08,2.18571,0,0,15.8118,0.757299,8.64482,8.74848,11.3933,0.292597,0.0177104
l0.5,24984,1.02334e+08,2.26966,0,0,15.9442,0.741733,8.33446,8.9656,8.70119,0.29098,0.0180868
l0.5,25224,1.03318e+08,2.34216,0,0,16.2148,0.775192,8.68737,9.13322,10.8087,0.27843,0.0162252
l0.5,25464,1.04301e+08,2.42699,0,0,15.8067,0.736984,7.81439,9.21015,10.2602,0.295224,0.0152588
l0.5,25704,1.05284e+08,2.51243,0,0,15.0739,0.74176,7.99777,9.33786,10.9185,0.28763,0.0140991
l0.5,25944,1.06267e+08,2.59742,0,0,14.2312,0.670202,7.1532,9.4218,11.6821,0.279966,0.0148519
l0.5,26184,1.0725e+08,2.68361,0.00503145,0,16.321,0.818805,8.59712,9.77573,14.2506,0.298362,0.0125936
l0.5,26424,1.08233e+08,2.7698,0.0107767,0,16.3027,0.711349,8.56632,9.71324,14.273,0.294168,0.0117391
l0.5,26664,1.09216e+08,2.8549,0,0,14.055,0.643535,7.06402,9.85058,12.8601,0.2955,0.0121562
l0.5,26904,1.10199e+08,2.93479,0,0,14.5343,0.696973,7.0405,10.4191,12.499,0.301151,0.00926717
l0.5,27144,1.11182e+08,3.02242,0.00767544,0,13.6879,0.6789,6.32213,10.3046,12.5411,0.298363,0.0103455
l0.5,27384,1.12165e+08,3.10774,0.0136074,0,13.1323,0.631985,6.25208,10.5796,14.0735,0.303119,0.00927734
l0.5,27624,1.13148e+08,3.1936,0.00296384,0,13.8958,0.630255,7.00119,10.6404,14.5608,0.299702,0.00907389
l0.5,27864,1.14131e+08,3.28422,0,0,12.5637,0.641089,6.17074,10.744,15.3615,0.3088,0.00854492
l0.5,28104,1.15114e+08,3.37144,0,0,15.0097,0.6862,7.42928,10.8896,15.3925,0.286774,0.00669352
l0.5,28344,1.16097e+08,3.4538,0,0,13.4856,0.646721,6.35303,10.8214,17.1599,0.283318,0.0078125
l0.5,28584,1.1708e+08,3.55038,0,0,14.501,0.642489,6.81161,11.0493,15.9312,0.318392,0.0075175
l0.5,28824,1.18063e+08,3.64222,0.00450418,0,13.286,0.653694,6.4021,11.2259,17.2883,0.324753,0.00982666
l0.5,29064,1.19046e+08,3.73457,0,0,13.8401,0.655684,6.67658,11.4956,17.8186,0.294615,0.010376
l0.5,29304,1.20029e+08,3.8165,0.00537126,0,13.8627,0.647281,6.75166,11.4458,17.6853,0.270232,0.0117188
l0.5,29544,1.21012e+08,3.89638,0.00380715,0,13.2859,0.622592,5.74183,11.1602,15.7918,0.312027,0.0146383
l0.5,29784,1.21995e+08,3.98236,0.00461163,0,13.9327,0.61411,6.91789,11.3108,20.7324,0.303964,0.0140584
l0.5,30024,1.22978e+08,4.07208,0.00224084,0,13.5763,0.662466,6.12895,11.4958,20.2967,0.297314,0.0147909
l0.5,30264,1.23961e+08,4.16137,0,0,14.419,0.626965,6.47555,11.5744,18.7759,0.301603,0.0151774
l0.5,30504,1.24944e+08,4.24621,0,0,13.6313,0.680442,6.52135,11.8494,20.7961,0.311704,0.0142822
l0.5,30744,1.25927e+08,4.32377,0.00774293,0,14.0035,0.62773,7.26964,12.1605,23.5672,0.292182,0.0138245
l0.5,30984,1.2691e+08,4.40591,0.00723178,0,12.7317,0.63213,5.57233,11.6425,21.085,0.289458,0.0140686
l0.5,31224,1.27894e+08,4.48794,0.00535578,0,12.3895,0.616601,5.95302,11.7048,22.0017,0.295174,0.0167542
l0.5,31464,1.28877e+08,4.57438,0,0,12.877,0.638252,6.53754,12.0727,22.0939,0.305147,0.0147909
l0.5,31704,1.2986e+08,4.66742,0.00859699,0,12.4327,0.627029,5.5347,12.2697,22.1532,0.298003,0.0167542
l0.5,31944,1.30843e+08,4.75621,0.0528091,0,11.8829,0.604635,4.77829,12.5467,21.0668,0.283704,0.0144857
l0.5,32184,1.31826e+08,4.84947,0.0152614,0,12.7106,0.586778,6.35444,12.9301,24.1684,0.280378,0.0117086
l0.5,32424,1.32809e+08,4.93469,0.0314236,0,13.0048,0.627361,6.1316,13.1698,25.4411,0.28045,0.0105896
l0.5,32664,1.33792e+08,5.01833,0.0142832,0,12.0088,0.611963,5.38485,13.0611,22.996,0.306713,0.00759888
l0.5,32904,1.34775e+08,5.10305,0.0210402,0,11.8137,0.600778,5.32658,13.4511,24.9424,0.281427,0.0065918
l0.5,33144,1.35758e+08,5.1906,0.00592083,0,12.6069,0.671367,5.96882,13.6724,26.3604,0.295157,0.00522868
l0.5,33384,1.36741e+08,5.27644,0.00364365,0,12.8745,0.628334,5.57929,13.8972,25.681,0.289419,0.00456746
l0.5,33624,1.37724e+08,5.36673,0.00728303,0,13.1289,0.67365,5.98236,14.2049,25.7046,0.283534,0.00487264
l0.5,33864,1.38707e+08,5.45146,0.00789667,0,12.8052,0.594864,6.49864,14.4621,28.9458,0.278661,0.00341797
l0.5,34104,1.3969e+08,5.54107,0.060269,0,12.1385,0.630599,5.33046,14.3017,26.4569,0.290173,0.00366211
l0.5,34344,1.40673e+08,5.62427,0.0262436,0,12.2166,0.628987,5.25705,14.5658,29.4292,0.286303,0.0039266
l0.5,34584,1.41656e+08,5.70846,0.00689746,0,11.7629,0.548961,5.24181,14.4027,26.4029,0.301896,0.00389608
l0.5,34824,1.42639e+08,5.79471,0.0180423,0.00791219,12.2974,0.624359,5.86402,14.8271,26.8997,0.267258,0.00390625
l0.5,35064,1.43622e+08,5.87756,0.0233267,0,12.0573,0.598788,5.44681,14.9355,26.436,0.287787,0.00634766
l0.5,35304,1.44605e+08,5.9703,0.0266768,0,11.7436,0.577685,5.58765,15.4871,27.3879,0.259901,0.00634766
l0.5,35544,1.45588e+08,6.05604,0.00804892,0,12.4882,0.597704,6.01089,15.3964,28.2223,0.29403,0.00561523
l0.5,35784,1.46571e+08,6.14598,0.0214916,0,11.9955,0.593463,5.47658,15.8355,33.3447,0.313194,0.00634766
l0.5,36024,1.47554e+08,6.22895,0.0357217,0,12.0797,0.564126,5.85351,15.6663,29.3568,0.284994,0.00610352
l0.5,36264,1.48537e+08,6.31473,0.0168046,0,13.0608,0.673894,5.93004,15.3926,30.2355,0.287517,0.00665283
l0.5,36504,1.4952e+08,6.40088,0,0,12.7727,0.579873,6.76868,15.992,33.0891,0.27435,0.00776164
l0.5,36744,1.50503e+08,6.48282,0.0110604,0,12.6087,0.544697,6.55804,15.8552,33.7786,0.284957,0.0082194
l0.5,36984,1.51486e+08,6.57061,0.0167861,0,12.8209,0.567444,6.41503,15.2588,30.6086,0.266308,0.00689697
l0.5,37224,1.5247e+08,6.65985,0.0249756,0,12.476,0.575484,6.44828,16.3117,30.7246,0.294891,0.00519816
l0.5,37464,1.53453e+08,6.74455,0.0100941,0,11.245,0.545767,4.91861,16.1136,32.4867,0.289561,0.00685628
l0.5,37704,1.54436e+08,6.82946,0.0318018,0.0141063,12.2454,0.601962,6.49262,16.7259,33.3288,0.254544,0.0065918
l0.5,37944,1.55419e+08,6.91691,0.0147167,0,13.6879,0.576035,7.48917,16.9552,34.544,0.277935,0.00802612
l0.5,38184,1.56402e+08,7.00187,0.0282445,0.00845666,13.1305,0.591335,7.14893,16.8925,35.4412,0.300614,0.00953166
l0.5,38424,1.57385e+08,7.07986,0.0275163,0,13.3621,0.553244,6.99661,16.1347,32.6197,0.28201,0.00795492
l0.5,38664,1.58368e+08,7.16592,0,0,12.4185,0.568891,6.67476,15.7831,35.2671,0.277584,0.00708008
l0.5,38904,1.59351e+08,7.24482,0.0260851,0,13.7867,0.58543,7.18382,15.6869,34.4216,0.286445,0.00552368
l0.5,39144,1.60334e+08,7.32265,0.0100026,0,12.5809,0.578026,6.8667,15.0846,32.6208,0.281808,0.00400798
l0.5,39384,1.61317e+08,7.40453,0.013071,0,13.5336,0.570985,7.47945,15.2344,34.772,0.287717,0.00546265
l0.5,39624,1.623e+08,7.4846,0.0079704,0,14.1825,0.578506,7.91127,15.1422,32.3441,0.274113,0.00543213
l0.5,39864,1.63283e+08,7.56585,0.0296516,0,13.3407,0.541348,7.38915,14.9594,35.921,0.277335,0.00709025
l0.5,40104,1.64266e+08,7.64726,0.0164174,0.00898357,13.2838,0.60253,7.40213,15.2509,34.6564,0.260611,0.00782267
l0.5,40344,1.65249e+08,7.72526,0.0200507,0,13.3719,0.567081,7.46932,14.9524,34.6509,0.263438,0.00778198
l0.5,40584,1.66232e+08,7.79975,0.0288184,0,13.4818,0.544958,8.04071,15.4948,38.5951,0.274671,0.00890096
l0.5,40824,1.67215e+08,7.86775,0.0156879,0,15.0052,0.57428,8.94767,16.0831,43.5738,0.275684,0.00797526
l0.5,41064,1.68198e+08,7.93613,0.0307154,0,14.8949,0.530426,9.1681,16.2093,42.0404,0.286174,0.00794474
l0.5,41304,1.69181e+08,8.00271,0.0249753,0,13.0293,0.549344,7.35047,16.0463,41.5122,0.297356,0.00756836
l0.5,41544,1.70164e+08,8.07827,0.0198781,0,13.4405,0.554424,7.78801,16.0256,37.1045,0.288703,0.00697835
l0.5,41784,1.71147e+08,8.14344,0.0511068,0,14.3467,0.567812,8.76483,16.0833,41.4468,0.269068,0.00561523
l0.5,42024,1.7213e+08,8.21033,0.0369995,0.00608856,13.7614,0.547139,8.11881,15.9134,39.7708,0.265588,0.00459798
l0.5,42264,1.73113e+08,8.28685,0.0166167,0,15.2663,0.587244,9.3491,15.802,43.1867,0.266833,0.00296021
l0.5,42504,1.74096e+08,8.35005,0.0180139,0,14.63,0.584004,8.62791,15.1111,40.4708,0.282217,0.00230916
l0.5,42744,1.75079e+08,8.42155,0.0127995,0,15.1177,0.558647,8.79314,15.2488,41.8289,0.274611,0.00516764
l0.5,42984,1.76062e+08,8.49068,0.0222894,0,15.3922,0.553977,9.04084,15.1654,41.7338,0.309969,0.00639852
l0.5,43224,1.77046e+08,8.55336,0.0220683,0,13.9096,0.539944,7.72291,15.3052,41.8594,0.255858,0.00732422
l0.5,43464,1.78029e+08,8.60676,0.0383873,0.0292093,16.111,0.560849,10.0396,15.3929,42.4655,0.269841,0.00784302
l0.5,43704,1.79012e+08,8.66486,0.0577632,0,15.0221,0.556397,8.08474,15.2735,41.3144,0.274788,0.00628662
l0.5,43944,1.79995e+08,8.71819,0.0311705,0,14.6218,0.583397,8.49044,15.502,43.0202,0.265276,0.00595093
l0.5,44184,1.80978e+08,8.77484,0.0324169,0,13.9413,0.559342,8.5974,15.7754,44.2329,0.264218,0.00488281
l0.5,44424,1.81961e+08,8.82434,0.0307325,0,15.0813,0.54728,9.35721,16.3153,43.4278,0.275036,0.00439453
l0.5,44664,1.82944e+08,8.87823,0.0438784,0,15.1419,0.523146,8.87383,16.0014,41.4103,0.270894,0.00366211
l0.5,44904,1.83927e+08,8.92459,0.0273857,0,14.9755,0.580662,9.04299,16.6394,44.0921,0.267399,0.00331624
l0.5,45144,1.8491e+08,8.97503,0.00466874,0,15.6421,0.487504,9.41241,16.7212,44.4325,0.2709,0.00352987
l0.5,45384,1.85893e+08,9.01944,0.0454161,0,16.2489,0.57859,9.85969,17.1398,46.0993,0.252459,0.00415039
l0.5,45624,1.86876e+08,9.06176,0.0304183,0,14.4955,0.580638,7.58968,16.9286,41.8207,0.272957,0.00415039
l0.5,45864,1.87859e+08,9.1126,0.0285301,0,15.1196,0.537322,8.90946,17.6596,47.4769,0.272314,0.00512695
l0.5,46104,1.88842e+08,9.15028,0.0148104,0,15.3152,0.545517,9.28111,17.9715,46.4657,0.259649,0.00537109
l0.5,46344,1.89825e+08,9.19222,0.0286779,0,15.7407,0.562156,9.23904,17.6115,40.6825,0.259121,0.00463867
l0.5,46584,1.90808e+08,9.23497,0.0299668,0,14.1471,0.491201,8.17801,17.1356,43.4496,0.268525,0.00527954
l0.5,46824,1.91791e+08,9.26911,0.0278702,0.00985037,15.7858,0.570799,9.9177,17.4976,46.7067,0.254931,0.00634766
l0.5,47064,1.92774e+08,9.29955,0.0479799,0.0173959,16.2403,0.543095,10.7653,17.4442,48.4539,0.258677,0.00723267
l0.5,47304,1.93757e+08,9.32864,0.0215887,0,15.1633,0.531585,9.35907,17.3406,45.9627,0.266244,0.0106608
l0.5,47544,1.9474e+08,9.36044,0.0289847,0,15.1965,0.590091,9.50175,17.2842,45.1989,0.271116,0.0137024
l0.5,47784,1.95723e+08,9.38447,0.0378604,0.0180343,16.6077,0.567758,10.4332,17.6238,47.9407,0.265992,0.0167033
l0.5,48024,1.96706e+08,9.40701,0.0546593,0.015115,15.4138,0.555339,8.9944,17.6149,46.7758,0.261357,0.0175069
l0.5,48264,1.97689e+08,9.43295,0.015964,0,15.0354,0.570869,8.8864,17.2507,46.1334,0.26976,0.0176188
l0.5,48504,1.98672e+08,9.46131,0.03843,0,17.3934,0.553899,11.3259,17.9286,49.6037,0.253586,0.0168864
l0.5,48744,1.99655e+08,9.4777,0.026413,0,16.3403,0.534395,10.6345,18.1204,47.6798,0.269429,0.015625
l0.5,48984,2.00638e+08,9.49816,0.0600711,0,14.5447,0.535149,8.63752,17.8937,47.8576,0.271628,0.0143534
l0.5,49224,2.01622e+08,9.52659,0.0541695,0.0183041,16.6424,0.576543,11.2264,18.2355,49.5806,0.264605,0.0122782
l0.5,49464,2.02605e+08,9.54868,0.0339431,0,15.9859,0.552107,10.0632,18.3879,46.5066,0.273887,0.00985718
l0.5,49704,2.03588e+08,9.56567,0.0285762,0.00907206,17.4337,0.587627,11.2678,18.7401,49.91,0.272247,0.00742594
l0.5,49944,2.04571e+08,9.58128,0.0262495,0,16.4037,0.547712,10.7314,18.7578,47.6776,0.271551,0.0067749
l0.5,50184,2.05554e+08,9.59979,0.030171,0,16.3242,0.517806,10.1429,18.5883,50.0562,0.263914,0.00708008
l0.5,50424,2.06537e+08,9.61525,0.019037,0,16.7749,0.557039,10.5666,17.9489,45.9458,0.286521,0.00732422
l0.5,50664,2.0752e+08,9.63174,0.0673562,0.0474621,14.5394,0.525572,9.11869,18.2974,44.0955,0.256683,0.00620524
l0.5,50904,2.08503e+08,9.64456,0.0202509,0,17.2532,0.532011,10.7171,18.6625,50.1094,0.283953,0.00509644
l0.5,51144,2.09486e+08,9.65889,0.0243574,0,18.4183,0.538291,12.1463,18.9185,52.9673,0.266819,0.00437419
l0.5,51384,2.10469e+08,9.67155,0.0405612,0.0106511,15.7871,0.517701,9.44076,18.3111,45.7901,0.25165,0.00411987
l0.5,51624,2.11452e+08,9.68183,0.00871882,0,16.2735,0.545113,10.2066,18.7488,50.2174,0.273418,0.00402832
l0.5,51864,2.12435e+08,9.6931,0.0470004,0.00991689,17.1861,0.566683,10.66,18.8895,49.7998,0.277545,0.00488281
l0.5,52104,2.13418e+08,9.70379,0.0471066,0.0176783,17.3441,0.559165,11.1284,18.7505,48.284,0.256234,0.00425212
l0.5,52344,2.14401e+08,9.711,0.0296853,0.0107239,16.8572,0.546894,10.6012,18.4696,48.9008,0.256753,0.00341797
l0.5,52584,2.15384e+08,9.72174,0.0241707,0.0151837,15.8644,0.507775,9.58751,18.8738,47.2659,0.292584,0.00335693
l0.5,52824,2.16367e+08,9.73179,0.0217404,0,16.9075,0.563608,10.0674,18.6657,47.6691,0.266812,0.00271606
l0.5,53064,2.1735e+08,9.73163,0.0329217,0,17.0733,0.534755,10.6012,18.8967,46.3111,0.245435,0.00317383
l0.5,53304,2.18333e+08,9.74002,0.025259,0.014828,16.6662,0.536188,10.7836,19.401,49.9891,0.256321,0.00317383
l0.5,53544,2.19316e+08,9.74623,0.0517103,0,16.2306,0.523654,9.92266,19.3018,49.1868,0.269016,0.00354004
l0.5,53784,2.20299e+08,9.75072,0.017958,0,17.6588,0.550642,11.1752,19.2251,46.5256,0.253151,0.00402832
l0.5,54024,2.21282e+08,9.7564,0.0317861,0,16.7818,0.577439,10.5649,19.7118,49.0202,0.245335,0.00608317
l0.5,54264,2.22265e+08,9.75938,0.0204242,0,17.3894,0.57768,11.5966,19.9462,53.2529,0.235176,0.00881958
l0.5,54504,2.23248e+08,9.7601,0.0410156,0,17.6187,0.557216,11.5299,19.4175,47.2005,0.246315,0.013031
l0.5,54744,2.24231e+08,9.75655,0.00831724,0.00679419,15.1312,0.590716,9.40452,19.8948,48.4234,0.267452,0.0150045
l0.5,54984,2.25214e+08,9.76417,0.0441536,0.00745739,18.0716,0.602589,11.6638,19.3342,49.2309,0.266065,0.0148621
l0.5,55224,2.26198e+08,9.76788,0.0436703,0.0109886,16.9301,0.519938,10.6717,19.9636,48.1498,0.261732,0.0138448
l0.5,55464,2.27181e+08,9.77266,0.0126684,0.0126388,16.4299,0.546207,9.9789,19.8866,48.199,0.27948,0.0117798
l0.5,55704,2.28164e+08,9.77372,0.0256145,0,17.3323,0.575791,11.2909,19.6135,46.4888,0.252916,0.0125631
l0.5,55944,2.29147e+08,9.77905,0.0436783,0.00862777,16.3329,0.538029,9.4696,19.7297,47.341,0.259922,0.0146077
l0.5,56184,2.3013e+08,9.77825,0.0120627,0,16.5095,0.546605,10.1748,19.5417,46.3318,0.25208,0.0170186
l0.5,56424,2.31113e+08,9.77192,0.0128491,0.010139,16.2219,0.541199,9.86856,19.0432,48.5817,0.24991,0.0173543
l0.5,56664,2.32096e+08,9.77129,0.066772,0.0081352,15.5528,0.551434,10.0949,19.4407,50.3438,0.250504,0.0160522
l0.5,56904,2.33079e+08,9.76997,0.0621567,0.0267789,16.8384,0.536015,10.6489,19.4369,51.0099,0.242093,0.0139058
l0.5,57144,2.34062e+08,9.76627,0.0433896,0,15.8205,0.533054,9.91578,19.4431,47.1646,0.252296,0.0146484
l0.5,57384,2.35045e+08,9.76942,0.0536949,0.0261499,15.5826,0.54208,9.18039,19.3347,45.9628,0.243588,0.0150757
l0.5,57624,2.36028e+08,9.77259,0.0299871,0,15.2376,0.559552,8.95216,20.7823,47.7766,0.232039,0.0144857
l0.5,57864,2.37011e+08,9.77533,0.0245574,0,16.3029,0.576506,10.75,20.9546,47.9167,0.272179,0.0177205
l0.5,58104,2.37994e+08,9.77854,0.0316413,0.00947568,15.8581,0.489414,10.0835,21.3682,49.4286,0.247998,0.0164693
l0.5,58344,2.38977e+08,9.78168,0.00719683,0,16.4382,0.56092,10.1197,21.0638,47.3733,0.226469,0.0172221
l0.5,58584,2.3996e+08,9.78552,0.0211597,0,17.9382,0.570614,11.6025,21.2707,49.4308,0.248789,0.015391
l0.5,58824,2.40943e+08,9.78679,0.0346945,0.013931,16.8971,0.544997,10.781,21.2733,51.4121,0.252556,0.0135905
l0.5,59064,2.41926e+08,9.78829,0.0235718,0,16.8534,0.577173,10.5871,20.7512,48.2976,0.224385,0.011556
l0.5,59304,2.42909e+08,9.79156,0.0209955,0,18.9185,0.574811,12.2192,20.7998,51.4852,0.242543,0.00871785
l0.5,59544,2.43892e+08,9.79409,0.0275333,0.014509,16.2509,0.533456,10.6303,20.4244,47.8169,0.245495,0.00767008
l0.5,59784,2.44875e+08,9.79665,0.0569322,0.00552512,15.9088,0.568883,9.17,20.0921,49.4074,0.248103,0.00732422
l0.5,60024,2.45858e+08,9.79641,0.0420924,0.00258728,16.9474,0.544441,10.78,20.8136,49.7815,0.240942,0.00952148
l0.5,60264,2.46841e+08,9.79583,0.0350597,0.0075225,16.3517,0.573513,10.432,20.6719,48.3166,0.259406,0.0124817
l0.5,60504,2.47824e+08,9.79913,0.0196445,0,16.4601,0.587566,9.88233,21.1466,51.424,0.238104,0.0122681
l0.5,60744,2.48807e+08,9.80213,0.0200314,0,16.3711,0.569822,10.8133,21.2603,51.1119,0.224163,0.0116679
l0.5,60984,2.4979e+08,9.80477,0.0365634,0.013587,15.9373,0.553727,9.54907,20.4205,47.06,0.245792,0.0105896
l0.5,61224,2.50774e+08,9.81029,0.0646354,0.00543781,14.312,0.525625,8.08992,20.8383,46.7881,0.238407,0.0078125
l0.5,61464,2.51757e+08,9.81274,0.0508267,0.0204141,14.8469,0.501351,8.59607,20.7231,42.9044,0.240152,0.00809733
l0.5,61704,2.5274e+08,9.81377,0.0683689,0,13.7132,0.487596,8.05854,21.1295,43.9956,0.214596,0.00911458
l0.5,61944,2.53723e+08,9.8133,0.0231579,0.0112655,15.9911,0.533697,9.61967,21.7642,48.6888,0.24052,0.00915527
l0.5,62184,2.54706e+08,9.81637,0.0419026,0.0129702,15.9191,0.5273,9.56905,21.7017,50.1408,0.246322,0.0205994
l0.5,62424,2.55689e+08,9.81687,0.0449364,0,17.2821,0.55733,11.0862,21.503,50.0511,0.23836,0.0311584
l0.5,62664,2.56672e+08,9.81853,0.0603802,0.0520277,15.7509,0.509618,9.50675,21.3567,50.8378,0.236904,0.0310974
l0.5,62904,2.57655e+08,9.81984,0.05274,0.0385642,15.9869,0.522379,10.1318,21.125,50.7819,0.239884,0.0314941
l0.5,63144,2.58638e+08,9.8237,0.0651195,0.0191797,16.8239,0.515105,11.0919,21.0747,50.9436,0.236429,0.0230306
l0.5,63384,2.59621e+08,9.83143,0.0282135,0,15.2892,0.483583,8.87888,20.7239,46.2356,0.239344,0.0113424
l0.5,63624,2.60604e+08,9.83299,0.0553759,0.0188798,17.5783,0.55659,10.9439,21.5339,47.8729,0.229799,0.00983683
l0.5,63864,2.61587e+08,9.83451,0.0264813,0.0166548,17.5649,0.535534,11.1407,21.2827,49.0352,0.245712,0.0090332
l0.5,64104,2.6257e+08,9.83272,0.027229,0,15.5015,0.49563,8.68019,21.3808,47.7075,0.238933,0.00886027
l0.5,64344,2.63553e+08,9.83716,0.0394377,0,16.1674,0.542609,9.8036,21.102,43.9818,0.225519,0.00971476
l0.5,64584,2.64536e+08,9.83585,0.0354687,0.0178042,16.6065,0.526798,9.50112,20.747,47.517,0.246525,0.0114746
l0.5,64824,2.65519e+08,9.83826,0.070765,0,15.2054,0.507739,8.49495,20.9893,48.9606,0.230842,0.0116069
l0.5,65064,2.66502e+08,9.83638,0.0530995,0.00995953,18.2172,0.50911,11.822,21.593,53.8317,0.244405,0.0114644
l0.5,65304,2.67485e+08,9.83952,0.0523504,0.00889856,16.9531,0.529517,10.8536,21.9081,53.6315,0.240497,0.00989787
l0.5,65544,2.68468e+08,9.84414,0.0628934,0.0115664,14.9079,0.524701,8.38043,21.1618,48.9756,0.241351,0.00732422
l0.5,65784,2.69451e+08,9.84569,0.0343857,0.00537924,15.9912,0.500284,9.70417,21.5083,48.5238,0.243043,0.00645955
l0.5,66024,2.70434e+08,9.84575,0.0735768,0.0320425,15.5816,0.486476,9.64388,20.9447,44.9685,0.24252,0.0065918
l0.5,66264,2.71417e+08,9.84633,0.0240581,0,16.8072,0.555785,10.0617,20.8426,49.617,0.249487,0.00876872
l0.5,66504,2.724e+08,9.84741,0.0862883,0.0284605,14.9268,0.499631,8.43223,19.9882,44.7926,0.234612,0.00952148
l0.5,66744,2.73383e+08,9.84838,0.117655,0.0287916,15.5653,0.536734,9.69696,20.3229,48.0957,0.247133,0.00854492
l0.5,66984,2.74366e+08,9.84588,0.0393922,0.00558217,15.057,0.535236,9.14217,20.4157,48.4501,0.246752,0.00777181
l0.5,67224,2.7535e+08,9.84299,0.0537148,0.00430752,17.1826,0.525887,10.7028,20.954,51.1278,0.240045,0.00499471
l0.5,67464,2.76333e+08,9.84418,0.0373633,0,15.331,0.570196,8.89195,21.219,55.3994,0.25577,0.00493368
l0.5,67704,2.77316e+08,9.84423,0.0383819,0,17.2324,0.573745,10.5136,21.0657,50.3411,0.241802,0.00537109
l0.5,67944,2.78299e+08,9.84367,0.020687,0,14.4244,0.483207,9.24371,21.1364,47.4544,0.24005,0.00643921
l0.5,68184,2.79282e+08,9.84084,0.0577191,0.0170358,16.6952,0.542649,10.2685,20.8879,51.1001,0.237821,0.00756836
l0.5,68424,2.80265e+08,9.84056,0.0693587,0.0109709,15.9727,0.517328,10.3322,19.9922,47.5344,0.23458,0.00756836
l0.5,68664,2.81248e+08,9.84398,0.0160493,0,17.0378,0.572473,10.8183,20.4363,51.0151,0.237572,0.00850423
l0.5,68904,2.82231e+08,9.84683,0.0350046,0.0130541,16.7689,0.56169,10.5845,20.2493,50.6475,0.246856,0.00723267
l0.5,69144,2.83214e+08,9.84725,0.0367385,0.0137894,14.9542,0.520699,9.21511,19.8646,44.8414,0.237209,0.0062561
l0.5,69384,2.84197e+08,9.84243,0.0848895,0.0238799,15.8322,0.543243,10.5374,20.5811,50.7301,0.24902,0.00769043
l0.5,69624,2.8518e+08,9.84516,0.0755071,0.0237942,17.0561,0.550694,10.3141,20.1605,45.2927,0.23188,0.0078125
l0.5,69864,2.86163e+08,9.84655,0.0561377,0,14.3925,0.511123,8.44205,20.3982,49.8801,0.247475,0.00716146
l0.5,70104,2.87146e+08,9.84883,0.0500925,0.00541777,13.0531,0.508567,7.0799,20.1995,45.8606,0.238722,0.00681559
l0.5,70344,2.88129e+08,9.84689,0.0580971,0.0104822,15.6086,0.472055,9.7891,20.6513,47.6968,0.237656,0.0067749
l0.5,70584,2.89112e+08,9.84993,0.029075,0.00596582,15.8288,0.532102,9.74843,21.2619,53.3851,0.237318,0.00610352
l0.5,70824,2.90095e+08,9.85052,0.0370062,0.00656707,15.1462,0.526528,9.17717,20.9124,47.8807,0.237647,0.00876872
l0.5,71064,2.91078e+08,9.85306,0.0510374,0,15.6108,0.534236,9.324,21.4052,50.21,0.233369,0.0120748
l0.5,71304,2.92061e+08,9.85231,0.0437423,0,15.2594,0.487172,9.78145,21.0059,47.4543,0.24928,0.0112203
l0.5,71544,2.93044e+08,9.85208,0.0399082,0,15.83,0.550891,9.69441,21.3057,48.7904,0.245761,0.0120138
l0.5,71784,2.94027e+08,9.85402,0.0231416,0.00676002,15.2188,0.507209,9.56881,21.6494,50.1538,0.247466,0.011027
l0.5,72024,2.9501e+08,9.8569,0.061156,0.0281432,15.2736,0.50721,8.69045,21.4509,49.0712,0.247969,0.00866699
l0.5,72264,2.95993e+08,9.85302,0.0693916,0.0372671,16.8784,0.530387,10.2356,21.984,50.1552,0.24574,0.00732422
l0.5,72504,2.96976e+08,9.85553,0.0579788,0.0291699,14.8397,0.512996,8.66005,21.4356,47.6568,0.237464,0.00756836
l0.5,72744,2.97959e+08,9.85772,0.0799284,0,15.4905,0.463015,9.67408,21.6776,50.6597,0.255809,0.0105387
l0.5,72984,2.98942e+08,9.85992,0.06397,0,15.0026,0.517922,9.07251,21.1581,48.6294,0.254212,0.0103048
l0.5,73224,2.99926e+08,9.85789,0.0408461,0.00542766,14.9663,0.501115,9.18019,21.1154,47.5426,0.267121,0.0134684
l0.5,73464,3.00909e+08,9.85878,0.0463518,0.00835322,17.0918,0.499734,11.2728,21.8546,52.0501,0.249014,0.0149333
l0.5,73704,3.01892e+08,9.86032,0.0246896,0,16.3712,0.58729,9.72626,20.94,50.7261,0.247747,0.0136312
l0.5,73944,3.02875e+08,9.85926,0.0425208,0,14.4522,0.473402,9.01746,20.5522,44.8363,0.26537,0.0158793
l0.5,74184,3.03858e+08,9.86069,0.120321,0.0676164,16.3181,0.500455,10.0691,21.5668,53.3453,0.254861,0.0141907
l0.5,74424,3.04841e+08,9.86455,0.0655772,0,14.8372,0.454864,8.33251,20.3066,42.4308,0.250928,0.0127665
l0.5,74664,3.05824e+08,9.86227,0.0344561,0.00704155,14.7778,0.528894,9.05362,20.9104,51.2008,0.25059,0.0100911
l0.5,74904,3.06807e+08,9.86203,0.0471398,0.0253299,14.5908,0.472319,9.06303,20.8394,44.8766,0.25665,0.00861613
l0.5,75144,3.0779e+08,9.86329,0.0597426,0.0397429,15.4732,0.507289,9.40621,20.7392,47.541,0.260357,0.00670369
l0.5,75384,3.08773e+08,9.86278,0.0714463,0.0209247,15.2,0.482689,8.73673,20.8367,47.9384,0.257985,0.00683594
l0.5,75624,3.09756e+08,9.8662,0.0812311,0.00633714,15.9576,0.494862,9.25726,20.9554,50.0392,0.254055,0.00641886
l0.5,75864,3.10739e+08,9.86772,0.0448538,0.0104895,15.3612,0.471406,9.85997,20.8395,49.8578,0.260202,0.00634766
l0.5,76104,3.11722e+08,9.8637,0.0502859,0.0274763,14.6411,0.451715,8.60056,20.9917,46.1049,0.253115,0.00504557
l0.5,76344,3.12705e+08,9.86912,0.0477386,0,15.1675,0.549804,9.87901,21.8169,50.8543,0.264602,0.00400798
l0.5,76584,3.13688e+08,9.87018,0.0500583,0.0253796,14.8122,0.481644,9.02291,21.3701,50.5267,0.260135,0.00341797
l0.5,76824,3.14671e+08,9.87262,0.0439432,0.00456398,16.0264,0.507743,10.0513,21.4928,47.8333,0.254976,0.00229899
l0.5,77064,3.15654e+08,9.87228,0.0688853,0.0085473,15.6574,0.529669,9.26742,21.3307,46.874,0.257534,0.00195312
l0.5,77304,3.16637e+08,9.8752,0.103991,0.0243794,14.9024,0.499044,9.04969,22.5926,51.5883,0.263004,0.00195312
l0.5,77544,3.1762e+08,9.87668,0.112618,0.00668928,15.2261,0.478146,8.81956,22.5233,48.2186,0.262742,0.00219727
l0.5,77784,3.18603e+08,9.8769,0.0184627,0,14.5692,0.497978,7.92389,22.3923,43.4838,0.264708,0.00209554
l0.5,78024,3.19586e+08,9.87828,0.0807787,0.00445038,15.1761,0.512874,9.02744,22.7673,48.6177,0.267269,0.00320435
l0.5,78264,3.20569e+08,9.87675,0.0813937,0,13.6947,0.457926,7.94105,22.6873,51.0674,0.264122,0.0039266
l0.5,78504,3.21552e+08,9.8789,0.0979759,0.0409177,15.3004,0.506543,8.98153,22.7794,50.8978,0.268675,0.00463867
l0.5,78744,3.22535e+08,9.8803,0.0810763,0.0078766,15.4586,0.456905,9.3101,22.2872,49.7786,0.259082,0.00491333
l0.5,78984,3.23518e+08,9.88169,0.0417583,0.0352017,14.7975,0.481533,8.83299,22.2729,50.9997,0.275996,0.00517782
l0.5,79224,3.24502e+08,9.88292,0.0540176,0.0224124,16.5967,0.535777,10.6192,22.592,53.0553,0.273892,0.00537109
l0.5,79464,3.25485e+08,9.88659,0.104757,0.0285315,14.7167,0.491584,8.36098,21.6416,46.1268,0.272143,0.00512695
l0.5,79704,3.26468e+08,9.8816,0.0877147,0.0154062,14.6068,0.506481,8.27472,22.3526,48.0855,0.277315,0.00628662
l0.5,79944,3.27451e+08,9.87795,0.128352,0.0383842,16.1364,0.477201,9.71424,22.9466,53.0768,0.275199,0.0085144
l0.5,80184,3.28434e+08,9.87722,0.0640647,0.0208934,13.6881,0.454513,8.08364,22.169,46.6466,0.265207,0.00830078
l0.5,80424,3.29417e+08,9.87513,0.0693586,0.0210388,15.1273,0.509378,8.95912,22.2323,49.073,0.27653,0.00714111
l0.5,80664,3.304e+08,9.87334,0.0752029,0.0526642,13.9231,0.463278,7.73275,21.7193,45.9823,0.268829,0.00907389
l0.5,80904,3.31383e+08,9.87243,0.0610576,0.0420975,14.5032,0.506544,8.22636,21.5338,43.514,0.276711,0.00860596
l0.5,81144,3.32366e+08,9.86981,0.0954824,0.0206556,14.7431,0.503975,9.21904,22.3062,52.5986,0.275143,0.00922648
l0.5,81384,3.33349e+08,9.86894,0.0474542,0.00845451,17.941,0.543665,11.8942,22.6785,56.2641,0.27093,0.0103963
l0.5,81624,3.34332e+08,9.86897,0.0544611,0.0133435,15.207,0.526996,9.38509,22.3617,49.5171,0.27491,0.0114441
l0.5,81864,3.35315e+08,9.87069,0.0931803,0.0271575,15.4257,0.512884,8.99527,22.4144,49.8437,0.291314,0.0109253
l0.5,82104,3.36298e+08,9.87026,0.0921968,0.058628,14.5079,0.425033,9.15486,22.8132,48.8583,0.272969,0.0103963
l0.5,82344,3.37281e+08,9.873,0.109407,0.0584582,14.5214,0.469189,8.28975,22.0798,45.6362,0.281761,0.0100301
l0.5,82584,3.38264e+08,9.87603,0.0774215,0.0319602,14.61,0.46762,8.8454,22.3283,48.6087,0.27873,0.00786336
l0.5,82824,3.39247e+08,9.88057,0.0379702,0.0150674,15.4932,0.497082,9.2545,22.6256,51.3486,0.28237,0.00798543
l0.5,83064,3.4023e+08,9.8803,0.0754327,0.0497991,14.5978,0.494337,8.46876,22.9878,49.6278,0.27758,0.00890096
l0.5,83304,3.41213e+08,9.88237,0.0300457,0.00815499,16.6528,0.494288,10.1487,23.1171,50.9014,0.274401,0.00820923
l0.5,83544,3.42196e+08,9.88649,0.0942963,0.013537,15.492,0.470103,9.57258,23.1606,51.958,0.280025,0.00732422
l0.5,83784,3.43179e+08,9.89328,0.131939,0.0595817,13.9168,0.46632,7.95408,22.9521,48.0826,0.27276,0.0071818
l0.5,84024,3.44162e+08,9.8952,0.0554421,0.00271314,16.3901,0.501552,10.1248,22.8802,51.9289,0.274074,0.00559489
l0.5,84264,3.45145e+08,9.89544,0.096099,0.0107676,14.4213,0.47117,8.47294,22.5379,50.4013,0.280547,0.00805664
l0.5,84504,3.46128e+08,9.89493,0.079404,0.0446673,14.2835,0.52045,8.69968,22.8738,51.6099,0.274047,0.010732
l0.5,84744,3.47111e+08,9.90015,0.0913843,0.0355786,15.8054,0.51995,9.91217,22.4073,49.7175,0.266169,0.0107727
l0.5,84984,3.48094e+08,9.89999,0.0594938,0.0319299,16.7359,0.469604,11.1439,23.1923,53.6436,0.270673,0.0117696
l0.5,85224,3.49078e+08,9.90046,0.0809743,0.0302595,16.2959,0.519158,9.60229,22.1214,48.3957,0.280239,0.00961304
l0.5,85464,3.50061e+08,9.89993,0.100473,0.014461,15.2009,0.499209,9.35803,22.2415,49.1162,0.279842,0.00756836
l0.5,85704,3.51044e+08,9.89781,0.058982,0.0268262,13.7785,0.481583,8.322,22.6829,48.5045,0.278763,0.00997925
l0.5,85944,3.52027e+08,9.89452,0.0499833,0.020113,15.6883,0.483943,9.191,22.3867,47.5359,0.27651,0.0109355
l0.5,86184,3.5301e+08,9.89616,0.0597984,0.0153536,17.6334,0.486292,11.2774,23.555,54.4923,0.275041,0.0114644
l0.5,86424,3.53993e+08,9.89332,0.0689627,0.029659,14.8812,0.491443,8.49188,22.7178,45.8952,0.291043,0.0132751
l0.5,86664,3.54976e+08,9.89447,0.0479363,0.00655523,15.019,0.503882,8.18567,23.2211,47.5011,0.264866,0.01474
l0.5,86904,3.55959e+08,9.89438,0.0533529,0.0125408,17.4138,0.535142,10.0127,23.7707,52.2141,0.275185,0.0142721
l0.5,87144,3.56942e+08,9.89207,0.0709423,0.0326282,14.657,0.487027,8.81311,23.2316,48.8375,0.27745,0.0129395
l0.5,87384,3.57925e+08,9.8913,0.0833049,0.00646293,14.2831,0.462686,8.73384,23.7895,50.6671,0.275901,0.00933838
l0.5,87624,3.58908e+08,9.89023,0.0646894,0.0321503,14.3551,0.425985,8.83108,23.7142,49.8145,0.271571,0.00795492
l0.5,87864,3.59891e+08,9.89119,0.0460781,0.0225564,15.1129,0.478321,8.37428,24.0579,49.8121,0.270313,0.00538127
l0.5,88104,3.60874e+08,9.89075,0.0523706,0.0240128,15.4456,0.463515,9.30657,24.7959,53.8367,0.270848,0.00916545
l0.5,88344,3.61857e+08,9.89266,0.0693255,0.0082922,13.746,0.488516,7.73649,24.5621,48.526,0.273558,0.0107422
l0.5,88584,3.6284e+08,9.88985,0.0736365,0.0101868,15.1604,0.508818,8.47881,24.075,47.2223,0.277034,0.0141398
l0.5,88824,3.63823e+08,9.89009,0.0554802,0.0222574,14.1206,0.447596,8.08499,23.8282,48.1464,0.276737,0.0187073
l0.5,89064,3.64806e+08,9.88663,0.0922062,0.0172175,14.6464,0.477599,8.63772,23.8791,51.395,0.275472,0.0239258
l0.5,89304,3.65789e+08,9.88249,0.0988756,0.0245067,14.651,0.462359,8.50609,23.5738,49.745,0.275311,0.0290527
l0.5,89544,3.66772e+08,9.88152,0.0810324,0.0439856,13.0891,0.464329,7.54342,23.3565,45.044,0.277158,0.0279846
l0.5,89784,3.67755e+08,9.87561,0.0663305,0.038255,15.5825,0.460391,9.4372,23.4143,47.9082,0.276349,0.0326945
l0.5,90024,3.68738e+08,9.87572,0.0340417,0.0219735,14.9962,0.483491,8.95843,23.5963,51.322,0.276977,0.0310465
l0.5,90264,3.69721e+08,9.87552,0.0351811,0.0278989,16.9479,0.503979,10.5963,23.8304,51.9416,0.277942,0.0263265
l0.5,90504,3.70704e+08,9.87708,0.0779607,0.0201207,15.1021,0.486362,9.39398,22.9437,48.5183,0.280031,0.0259399
l0.5,90744,3.71687e+08,9.87427,0.0782136,0.0469305,14.6053,0.474198,8.10219,22.8832,46.8803,0.277892,0.0253499
l0.5,90984,3.7267e+08,9.86882,0.0720798,0.0352815,14.5013,0.4745,9.04342,22.9996,48.4607,0.282631,0.0273336
