a,b,relation,depth,n,success_a,success_b,diff,only_a,only_b,both
golem_ik/kinematic,l0/isaac,vs_golem_ik,0,288,0.451389,0.0590278,0.392361,119,6,11
golem_ik/kinematic,l0/isaac,vs_golem_ik,0.1,288,0.371528,0.0972222,0.274306,95,16,12
golem_ik/kinematic,l0/isaac,vs_golem_ik,0.2,288,0.25,0.135417,0.114583,60,27,12
golem_ik/kinematic,l0/isaac,vs_golem_ik,0.3,288,0.142361,0.138889,0.00347222,34,33,7
golem_ik/kinematic,l0/isaac,vs_golem_ik,0.4,288,0.100694,0.0798611,0.0208333,24,18,5
golem_ik/kinematic,l0/isaac,vs_golem_ik,0.5,288,0.0347222,0.0590278,-0.0243056,8,15,2
golem_ik/kinematic,l0/isaac,vs_golem_ik,0.6,288,0.0173611,0.0381944,-0.0208333,4,10,1
golem_ik/kinematic,l0/isaac,vs_golem_ik,0.7,288,0.00694444,0.0208333,-0.0138889,2,6,0
golem_ik/kinematic,l0/isaac,vs_golem_ik,0.8,288,0.00347222,0.0104167,-0.00694444,0,2,1
golem_ik/kinematic,l0/isaac,vs_golem_ik,0.9,288,0,0.00694444,-0.00694444,0,2,0
golem_ik/kinematic,l0/isaac,vs_golem_ik,1,288,0,0.00347222,-0.00347222,0,1,0
golem_ik/kinematic,l0/isaac,vs_golem_ik,all,3168,0.125316,0.0590278,0.0662879,346,136,51
golem_ik/kinematic,l0/mujoco,vs_golem_ik,0,39,0.410256,0,0.410256,16,0,0
golem_ik/kinematic,l0/mujoco,vs_golem_ik,0.1,37,0.324324,0,0.324324,12,0,0
golem_ik/kinematic,l0/mujoco,vs_golem_ik,0.2,36,0.333333,0,0.333333,12,0,0
golem_ik/kinematic,l0/mujoco,vs_golem_ik,0.3,36,0.111111,0,0.111111,4,0,0
golem_ik/kinematic,l0/mujoco,vs_golem_ik,0.4,36,0.0833333,0,0.0833333,3,0,0
golem_ik/kinematic,l0/mujoco,vs_golem_ik,0.5,36,0.0277778,0,0.0277778,1,0,0
golem_ik/kinematic,l0/mujoco,vs_golem_ik,0.6,36,0,0,0,0,0,0
golem_ik/kinematic,l0/mujoco,vs_golem_ik,0.7,36,0,0,0,0,0,0
golem_ik/kinematic,l0/mujoco,vs_golem_ik,0.8,36,0,0,0,0,0,0
golem_ik/kinematic,l0/mujoco,vs_golem_ik,0.9,36,0,0,0,0,0,0
golem_ik/kinematic,l0/mujoco,vs_golem_ik,1,36,0,0,0,0,0,0
golem_ik/kinematic,l0/mujoco,vs_golem_ik,all,400,0.12,0,0.12,48,0,0
golem_ik/kinematic,l0.5/isaac,vs_golem_ik,0,288,0.451389,0.0486111,0.402778,117,1,13
golem_ik/kinematic,l0.5/isaac,vs_golem_ik,0.1,288,0.371528,0.0625,0.309028,97,8,10
golem_ik/kinematic,l0.5/isaac,vs_golem_ik,0.2,288,0.25,0.0763889,0.173611,63,13,9
golem_ik/kinematic,l0.5/isaac,vs_golem_ik,0.3,288,0.142361,0.09375,0.0486111,30,16,11
golem_ik/kinematic,l0.5/isaac,vs_golem_ik,0.4,288,0.100694,0.0763889,0.0243056,19,12,10
golem_ik/kinematic,l0.5/isaac,vs_golem_ik,0.5,288,0.0347222,0.0416667,-0.00694444,6,8,4
golem_ik/kinematic,l0.5/isaac,vs_golem_ik,0.6,288,0.0173611,0.0347222,-0.0173611,2,7,3
golem_ik/kinematic,l0.5/isaac,vs_golem_ik,0.7,288,0.00694444,0.0243056,-0.0173611,2,7,0
golem_ik/kinematic,l0.5/isaac,vs_golem_ik,0.8,288,0.00347222,0.0104167,-0.00694444,0,2,1
golem_ik/kinematic,l0.5/isaac,vs_golem_ik,0.9,288,0,0.00347222,-0.00347222,0,1,0
golem_ik/kinematic,l0.5/isaac,vs_golem_ik,1,288,0,0.00347222,-0.00347222,0,1,0
golem_ik/kinematic,l0.5/isaac,vs_golem_ik,all,3168,0.125316,0.0432449,0.0820707,336,76,61
golem_ik/kinematic,l0.5/isaac_legs_blind,vs_golem_ik,0,288,0.451389,0.00347222,0.447917,129,0,1
golem_ik/kinematic,l0.5/isaac_legs_blind,vs_golem_ik,0.1,288,0.371528,0.0208333,0.350694,101,0,6
golem_ik/kinematic,l0.5/isaac_legs_blind,vs_golem_ik,0.2,288,0.25,0,0.25,72,0,0
golem_ik/kinematic,l0.5/isaac_legs_blind,vs_golem_ik,0.3,288,0.142361,0.0104167,0.131944,39,1,2
golem_ik/kinematic,l0.5/isaac_legs_blind,vs_golem_ik,0.4,288,0.100694,0.0243056,0.0763889,22,0,7
golem_ik/kinematic,l0.5/isaac_legs_blind,vs_golem_ik,0.5,288,0.0347222,0.00347222,0.03125,9,0,1
golem_ik/kinematic,l0.5/isaac_legs_blind,vs_golem_ik,0.6,288,0.0173611,0.00347222,0.0138889,5,1,0
golem_ik/kinematic,l0.5/isaac_legs_blind,vs_golem_ik,0.7,288,0.00694444,0,0.00694444,2,0,0
golem_ik/kinematic,l0.5/isaac_legs_blind,vs_golem_ik,0.8,288,0.00347222,0,0.00347222,1,0,0
golem_ik/kinematic,l0.5/isaac_legs_blind,vs_golem_ik,0.9,288,0,0,0,0,0,0
golem_ik/kinematic,l0.5/isaac_legs_blind,vs_golem_ik,1,288,0,0,0,0,0,0
golem_ik/kinematic,l0.5/isaac_legs_blind,vs_golem_ik,all,3168,0.125316,0.00599747,0.119318,380,2,17
golem_ik/kinematic,l0.5/mujoco,vs_golem_ik,0,288,0.451389,0.00347222,0.447917,129,0,1
golem_ik/kinematic,l0.5/mujoco,vs_golem_ik,0.1,288,0.371528,0.0104167,0.361111,106,2,1
golem_ik/kinematic,l0.5/mujoco,vs_golem_ik,0.2,288,0.25,0.00694444,0.243056,70,0,2
golem_ik/kinematic,l0.5/mujoco,vs_golem_ik,0.3,288,0.142361,0.00694444,0.135417,40,1,1
golem_ik/kinematic,l0.5/mujoco,vs_golem_ik,0.4,288,0.100694,0.00347222,0.0972222,28,0,1
golem_ik/kinematic,l0.5/mujoco,vs_golem_ik,0.5,288,0.0347222,0,0.0347222,10,0,0
golem_ik/kinematic,l0.5/mujoco,vs_golem_ik,0.6,288,0.0173611,0,0.0173611,5,0,0
golem_ik/kinematic,l0.5/mujoco,vs_golem_ik,0.7,288,0.00694444,0.00347222,0.00347222,1,0,1
golem_ik/kinematic,l0.5/mujoco,vs_golem_ik,0.8,288,0.00347222,0,0.00347222,1,0,0
golem_ik/kinematic,l0.5/mujoco,vs_golem_ik,0.9,288,0,0,0,0,0,0
golem_ik/kinematic,l0.5/mujoco,vs_golem_ik,1,288,0,0,0,0,0,0
golem_ik/kinematic,l0.5/mujoco,vs_golem_ik,all,3168,0.125316,0.00315657,0.122159,390,3,7
golem_ik/kinematic,l0.5/mujoco_isaacphys,vs_golem_ik,0,288,0.451389,0.0138889,0.4375,126,0,4
golem_ik/kinematic,l0.5/mujoco_isaacphys,vs_golem_ik,0.1,288,0.371528,0.03125,0.340278,99,1,8
golem_ik/kinematic,l0.5/mujoco_isaacphys,vs_golem_ik,0.2,288,0.25,0.0173611,0.232639,70,3,2
golem_ik/kinematic,l0.5/mujoco_isaacphys,vs_golem_ik,0.3,288,0.142361,0.0104167,0.131944,40,2,1
golem_ik/kinematic,l0.5/mujoco_isaacphys,vs_golem_ik,0.4,288,0.100694,0.0104167,0.0902778,28,2,1
golem_ik/kinematic,l0.5/mujoco_isaacphys,vs_golem_ik,0.5,288,0.0347222,0.00347222,0.03125,10,1,0
golem_ik/kinematic,l0.5/mujoco_isaacphys,vs_golem_ik,0.6,288,0.0173611,0.00347222,0.0138889,5,1,0
golem_ik/kinematic,l0.5/mujoco_isaacphys,vs_golem_ik,0.7,288,0.00694444,0,0.00694444,2,0,0
golem_ik/kinematic,l0.5/mujoco_isaacphys,vs_golem_ik,0.8,288,0.00347222,0,0.00347222,1,0,0
golem_ik/kinematic,l0.5/mujoco_isaacphys,vs_golem_ik,0.9,288,0,0,0,0,0,0
golem_ik/kinematic,l0.5/mujoco_isaacphys,vs_golem_ik,1,288,0,0,0,0,0,0
golem_ik/kinematic,l0.5/mujoco_isaacphys,vs_golem_ik,all,3168,0.125316,0.00820707,0.117109,381,10,16
golem_ik/kinematic,l0.5/mujoco_legs_blind,vs_golem_ik,0,288,0.451389,0,0.451389,130,0,0
golem_ik/kinematic,l0.5/mujoco_legs_blind,vs_golem_ik,0.1,288,0.371528,0,0.371528,107,0,0
golem_ik/kinematic,l0.5/mujoco_legs_blind,vs_golem_ik,0.2,288,0.25,0,0.25,72,0,0
golem_ik/kinematic,l0.5/mujoco_legs_blind,vs_golem_ik,0.3,288,0.142361,0,0.142361,41,0,0
golem_ik/kinematic,l0.5/mujoco_legs_blind,vs_golem_ik,0.4,288,0.100694,0.00347222,0.0972222,28,0,1
golem_ik/kinematic,l0.5/mujoco_legs_blind,vs_golem_ik,0.5,288,0.0347222,0,0.0347222,10,0,0
golem_ik/kinematic,l0.5/mujoco_legs_blind,vs_golem_ik,0.6,288,0.0173611,0,0.0173611,5,0,0
golem_ik/kinematic,l0.5/mujoco_legs_blind,vs_golem_ik,0.7,288,0.00694444,0,0.00694444,2,0,0
golem_ik/kinematic,l0.5/mujoco_legs_blind,vs_golem_ik,0.8,288,0.00347222,0,0.00347222,1,0,0
golem_ik/kinematic,l0.5/mujoco_legs_blind,vs_golem_ik,0.9,288,0,0,0,0,0,0
golem_ik/kinematic,l0.5/mujoco_legs_blind,vs_golem_ik,1,288,0,0,0,0,0,0
golem_ik/kinematic,l0.5/mujoco_legs_blind,vs_golem_ik,all,3168,0.125316,0.000315657,0.125,396,0,1
golem_ik/kinematic,l0.5_52k/isaac,vs_golem_ik,0,288,0.451389,0.0486111,0.402778,118,2,12
golem_ik/kinematic,l0.5_52k/isaac,vs_golem_ik,0.1,288,0.371528,0.0798611,0.291667,90,6,17
golem_ik/kinematic,l0.5_52k/isaac,vs_golem_ik,0.2,288,0.25,0.107639,0.142361,54,13,18
golem_ik/kinematic,l0.5_52k/isaac,vs_golem_ik,0.3,288,0.142361,0.100694,0.0416667,26,14,15
golem_ik/kinematic,l0.5_52k/isaac,vs_golem_ik,0.4,288,0.100694,0.0590278,0.0416667,23,11,6
golem_ik/kinematic,l0.5_52k/isaac,vs_golem_ik,0.5,288,0.0347222,0.0243056,0.0104167,7,4,3
golem_ik/kinematic,l0.5_52k/isaac,vs_golem_ik,0.6,288,0.0173611,0.0208333,-0.00347222,1,2,4
golem_ik/kinematic,l0.5_52k/isaac,vs_golem_ik,0.7,288,0.00694444,0.0173611,-0.0104167,1,4,1
golem_ik/kinematic,l0.5_52k/isaac,vs_golem_ik,0.8,288,0.00347222,0.0104167,-0.00694444,0,2,1
golem_ik/kinematic,l0.5_52k/isaac,vs_golem_ik,0.9,288,0,0.00347222,-0.00347222,0,1,0
golem_ik/kinematic,l0.5_52k/isaac,vs_golem_ik,1,288,0,0,0,0,0,0
golem_ik/kinematic,l0.5_52k/isaac,vs_golem_ik,all,3168,0.125316,0.0429293,0.0823864,320,59,77
golem_ik/kinematic,l0.5_52k/mujoco,vs_golem_ik,0,288,0.451389,0,0.451389,130,0,0
golem_ik/kinematic,l0.5_52k/mujoco,vs_golem_ik,0.1,288,0.371528,0,0.371528,107,0,0
golem_ik/kinematic,l0.5_52k/mujoco,vs_golem_ik,0.2,288,0.25,0,0.25,72,0,0
golem_ik/kinematic,l0.5_52k/mujoco,vs_golem_ik,0.3,288,0.142361,0,0.142361,41,0,0
golem_ik/kinematic,l0.5_52k/mujoco,vs_golem_ik,0.4,288,0.100694,0,0.100694,29,0,0
golem_ik/kinematic,l0.5_52k/mujoco,vs_golem_ik,0.5,288,0.0347222,0,0.0347222,10,0,0
golem_ik/kinematic,l0.5_52k/mujoco,vs_golem_ik,0.6,288,0.0173611,0,0.0173611,5,0,0
golem_ik/kinematic,l0.5_52k/mujoco,vs_golem_ik,0.7,288,0.00694444,0,0.00694444,2,0,0
golem_ik/kinematic,l0.5_52k/mujoco,vs_golem_ik,0.8,288,0.00347222,0,0.00347222,1,0,0
golem_ik/kinematic,l0.5_52k/mujoco,vs_golem_ik,0.9,288,0,0,0,0,0,0
golem_ik/kinematic,l0.5_52k/mujoco,vs_golem_ik,1,288,0,0,0,0,0,0
golem_ik/kinematic,l0.5_52k/mujoco,vs_golem_ik,all,3168,0.125316,0,0.125316,397,0,0
golem_ik/kinematic,l0.5_52k/mujoco_isaacphys,vs_golem_ik,0,288,0.451389,0.0104167,0.440972,127,0,3
golem_ik/kinematic,l0.5_52k/mujoco_isaacphys,vs_golem_ik,0.1,288,0.371528,0.00347222,0.368056,106,0,1
golem_ik/kinematic,l0.5_52k/mujoco_isaacphys,vs_golem_ik,0.2,288,0.25,0.0104167,0.239583,69,0,3
golem_ik/kinematic,l0.5_52k/mujoco_isaacphys,vs_golem_ik,0.3,288,0.142361,0.00347222,0.138889,40,0,1
golem_ik/kinematic,l0.5_52k/mujoco_isaacphys,vs_golem_ik,0.4,288,0.100694,0.00694444,0.09375,27,0,2
golem_ik/kinematic,l0.5_52k/mujoco_isaacphys,vs_golem_ik,0.5,288,0.0347222,0.00347222,0.03125,10,1,0
golem_ik/kinematic,l0.5_52k/mujoco_isaacphys,vs_golem_ik,0.6,288,0.0173611,0.00347222,0.0138889,4,0,1
golem_ik/kinematic,l0.5_52k/mujoco_isaacphys,vs_golem_ik,0.7,288,0.00694444,0.00347222,0.00347222,1,0,1
golem_ik/kinematic,l0.5_52k/mujoco_isaacphys,vs_golem_ik,0.8,288,0.00347222,0,0.00347222,1,0,0
golem_ik/kinematic,l0.5_52k/mujoco_isaacphys,vs_golem_ik,0.9,288,0,0,0,0,0,0
golem_ik/kinematic,l0.5_52k/mujoco_isaacphys,vs_golem_ik,1,288,0,0,0,0,0,0
golem_ik/kinematic,l0.5_52k/mujoco_isaacphys,vs_golem_ik,all,3168,0.125316,0.00410354,0.121212,385,1,12
golem_ik/kinematic,l0.5_52k/mujoco_isaacphys_trueodom,vs_golem_ik,0,288,0.451389,0.0798611,0.371528,109,2,21
golem_ik/kinematic,l0.5_52k/mujoco_isaacphys_trueodom,vs_golem_ik,0.1,288,0.371528,0.118056,0.253472,85,12,22
golem_ik/kinematic,l0.5_52k/mujoco_isaacphys_trueodom,vs_golem_ik,0.2,288,0.25,0.118056,0.131944,50,12,22
golem_ik/kinematic,l0.5_52k/mujoco_isaacphys_trueodom,vs_golem_ik,0.3,288,0.142361,0.100694,0.0416667,24,12,17
golem_ik/kinematic,l0.5_52k/mujoco_isaacphys_trueodom,vs_golem_ik,0.4,288,0.100694,0.0833333,0.0173611,17,12,12
golem_ik/kinematic,l0.5_52k/mujoco_isaacphys_trueodom,vs_golem_ik,0.5,288,0.0347222,0.0451389,-0.0104167,5,8,5
golem_ik/kinematic,l0.5_52k/mujoco_isaacphys_trueodom,vs_golem_ik,0.6,288,0.0173611,0.03125,-0.0138889,0,4,5
golem_ik/kinematic,l0.5_52k/mujoco_isaacphys_trueodom,vs_golem_ik,0.7,288,0.00694444,0.0243056,-0.0173611,0,5,2
golem_ik/kinematic,l0.5_52k/mujoco_isaacphys_trueodom,vs_golem_ik,0.8,288,0.00347222,0,0.00347222,1,0,0
golem_ik/kinematic,l0.5_52k/mujoco_isaacphys_trueodom,vs_golem_ik,0.9,288,0,0,0,0,0,0
golem_ik/kinematic,l0.5_52k/mujoco_isaacphys_trueodom,vs_golem_ik,1,288,0,0,0,0,0,0
golem_ik/kinematic,l0.5_52k/mujoco_isaacphys_trueodom,vs_golem_ik,all,3168,0.125316,0.0546086,0.0707071,291,67,106
golem_ik/kinematic,l0.5_52k/mujoco_legs_blind,vs_golem_ik,0,288,0.451389,0.00347222,0.447917,129,0,1
golem_ik/kinematic,l0.5_52k/mujoco_legs_blind,vs_golem_ik,0.1,288,0.371528,0.00347222,0.368056,106,0,1
golem_ik/kinematic,l0.5_52k/mujoco_legs_blind,vs_golem_ik,0.2,288,0.25,0.00347222,0.246528,71,0,1
golem_ik/kinematic,l0.5_52k/mujoco_legs_blind,vs_golem_ik,0.3,288,0.142361,0,0.142361,41,0,0
golem_ik/kinematic,l0.5_52k/mujoco_legs_blind,vs_golem_ik,0.4,288,0.100694,0,0.100694,29,0,0
golem_ik/kinematic,l0.5_52k/mujoco_legs_blind,vs_golem_ik,0.5,288,0.0347222,0,0.0347222,10,0,0
golem_ik/kinematic,l0.5_52k/mujoco_legs_blind,vs_golem_ik,0.6,288,0.0173611,0,0.0173611,5,0,0
golem_ik/kinematic,l0.5_52k/mujoco_legs_blind,vs_golem_ik,0.7,288,0.00694444,0,0.00694444,2,0,0
golem_ik/kinematic,l0.5_52k/mujoco_legs_blind,vs_golem_ik,0.8,288,0.00347222,0,0.00347222,1,0,0
golem_ik/kinematic,l0.5_52k/mujoco_legs_blind,vs_golem_ik,0.9,288,0,0,0,0,0,0
golem_ik/kinematic,l0.5_52k/mujoco_legs_blind,vs_golem_ik,1,288,0,0,0,0,0,0
golem_ik/kinematic,l0.5_52k/mujoco_legs_blind,vs_golem_ik,all,3168,0.125316,0.00094697,0.124369,394,0,3
golem_ik/kinematic,l0.5_52k/mujoco_trueodom,vs_golem_ik,0,288,0.451389,0.0381944,0.413194,120,1,10
golem_ik/kinematic,l0.5_52k/mujoco_trueodom,vs_golem_ik,0.1,288,0.371528,0.0416667,0.329861,98,3,9
golem_ik/kinematic,l0.5_52k/mujoco_trueodom,vs_golem_ik,0.2,288,0.25,0.0590278,0.190972,60,5,12
golem_ik/kinematic,l0.5_52k/mujoco_trueodom,vs_golem_ik,0.3,288,0.142361,0.0659722,0.0763889,31,9,10
golem_ik/kinematic,l0.5_52k/mujoco_trueodom,vs_golem_ik,0.4,288,0.100694,0.03125,0.0694444,23,3,6
golem_ik/kinematic,l0.5_52k/mujoco_trueodom,vs_golem_ik,0.5,288,0.0347222,0.0243056,0.0104167,6,3,4
golem_ik/kinematic,l0.5_52k/mujoco_trueodom,vs_golem_ik,0.6,288,0.0173611,0.0104167,0.00694444,3,1,2
golem_ik/kinematic,l0.5_52k/mujoco_trueodom,vs_golem_ik,0.7,288,0.00694444,0.0173611,-0.0104167,0,3,2
golem_ik/kinematic,l0.5_52k/mujoco_trueodom,vs_golem_ik,0.8,288,0.00347222,0.00347222,0,1,1,0
golem_ik/kinematic,l0.5_52k/mujoco_trueodom,vs_golem_ik,0.9,288,0,0,0,0,0,0
golem_ik/kinematic,l0.5_52k/mujoco_trueodom,vs_golem_ik,1,288,0,0,0,0,0,0
golem_ik/kinematic,l0.5_52k/mujoco_trueodom,vs_golem_ik,all,3168,0.125316,0.0265152,0.0988005,342,29,55
l0/isaac,l0/mujoco,sim2sim,0,39,0.102564,0,0.102564,4,0,0
l0/isaac,l0/mujoco,sim2sim,0.1,37,0.0810811,0,0.0810811,3,0,0
l0/isaac,l0/mujoco,sim2sim,0.2,36,0.111111,0,0.111111,4,0,0
l0/isaac,l0/mujoco,sim2sim,0.3,36,0.166667,0,0.166667,6,0,0
l0/isaac,l0/mujoco,sim2sim,0.4,36,0.0833333,0,0.0833333,3,0,0
l0/isaac,l0/mujoco,sim2sim,0.5,36,0.111111,0,0.111111,4,0,0
l0/isaac,l0/mujoco,sim2sim,0.6,36,0.0555556,0,0.0555556,2,0,0
l0/isaac,l0/mujoco,sim2sim,0.7,36,0,0,0,0,0,0
l0/isaac,l0/mujoco,sim2sim,0.8,36,0,0,0,0,0,0
l0/isaac,l0/mujoco,sim2sim,0.9,36,0,0,0,0,0,0
l0/isaac,l0/mujoco,sim2sim,1,36,0,0,0,0,0,0
l0/isaac,l0/mujoco,sim2sim,all,400,0.065,0,0.065,26,0,0
l0.5/isaac,l0.5/isaac_legs_blind,variant,0,288,0.0486111,0.00347222,0.0451389,13,0,1
l0.5/isaac,l0.5/isaac_legs_blind,variant,0.1,288,0.0625,0.0208333,0.0416667,15,3,3
l0.5/isaac,l0.5/isaac_legs_blind,variant,0.2,288,0.0763889,0,0.0763889,22,0,0
l0.5/isaac,l0.5/isaac_legs_blind,variant,0.3,288,0.09375,0.0104167,0.0833333,24,0,3
l0.5/isaac,l0.5/isaac_legs_blind,variant,0.4,288,0.0763889,0.0243056,0.0520833,16,1,6
l0.5/isaac,l0.5/isaac_legs_blind,variant,0.5,288,0.0416667,0.00347222,0.0381944,11,0,1
l0.5/isaac,l0.5/isaac_legs_blind,variant,0.6,288,0.0347222,0.00347222,0.03125,10,1,0
l0.5/isaac,l0.5/isaac_legs_blind,variant,0.7,288,0.0243056,0,0.0243056,7,0,0
l0.5/isaac,l0.5/isaac_legs_blind,variant,0.8,288,0.0104167,0,0.0104167,3,0,0
l0.5/isaac,l0.5/isaac_legs_blind,variant,0.9,288,0.00347222,0,0.00347222,1,0,0
l0.5/isaac,l0.5/isaac_legs_blind,variant,1,288,0.00347222,0,0.00347222,1,0,0
l0.5/isaac,l0.5/isaac_legs_blind,variant,all,3168,0.0432449,0.00599747,0.0372475,123,5,14
l0.5/isaac,l0.5/mujoco,sim2sim,0,288,0.0486111,0.00347222,0.0451389,14,1,0
l0.5/isaac,l0.5/mujoco,sim2sim,0.1,288,0.0625,0.0104167,0.0520833,16,1,2
l0.5/isaac,l0.5/mujoco,sim2sim,0.2,288,0.0763889,0.00694444,0.0694444,22,2,0
l0.5/isaac,l0.5/mujoco,sim2sim,0.3,288,0.09375,0.00694444,0.0868056,26,1,1
l0.5/isaac,l0.5/mujoco,sim2sim,0.4,288,0.0763889,0.00347222,0.0729167,22,1,0
l0.5/isaac,l0.5/mujoco,sim2sim,0.5,288,0.0416667,0,0.0416667,12,0,0
l0.5/isaac,l0.5/mujoco,sim2sim,0.6,288,0.0347222,0,0.0347222,10,0,0
l0.5/isaac,l0.5/mujoco,sim2sim,0.7,288,0.0243056,0.00347222,0.0208333,7,1,0
l0.5/isaac,l0.5/mujoco,sim2sim,0.8,288,0.0104167,0,0.0104167,3,0,0
l0.5/isaac,l0.5/mujoco,sim2sim,0.9,288,0.00347222,0,0.00347222,1,0,0
l0.5/isaac,l0.5/mujoco,sim2sim,1,288,0.00347222,0,0.00347222,1,0,0
l0.5/isaac,l0.5/mujoco,sim2sim,all,3168,0.0432449,0.00315657,0.0400884,134,7,3
l0.5/isaac_legs_blind,l0.5/mujoco_legs_blind,sim2sim,0,288,0.00347222,0,0.00347222,1,0,0
l0.5/isaac_legs_blind,l0.5/mujoco_legs_blind,sim2sim,0.1,288,0.0208333,0,0.0208333,6,0,0
l0.5/isaac_legs_blind,l0.5/mujoco_legs_blind,sim2sim,0.2,288,0,0,0,0,0,0
l0.5/isaac_legs_blind,l0.5/mujoco_legs_blind,sim2sim,0.3,288,0.0104167,0,0.0104167,3,0,0
l0.5/isaac_legs_blind,l0.5/mujoco_legs_blind,sim2sim,0.4,288,0.0243056,0.00347222,0.0208333,6,0,1
l0.5/isaac_legs_blind,l0.5/mujoco_legs_blind,sim2sim,0.5,288,0.00347222,0,0.00347222,1,0,0
l0.5/isaac_legs_blind,l0.5/mujoco_legs_blind,sim2sim,0.6,288,0.00347222,0,0.00347222,1,0,0
l0.5/isaac_legs_blind,l0.5/mujoco_legs_blind,sim2sim,0.7,288,0,0,0,0,0,0
l0.5/isaac_legs_blind,l0.5/mujoco_legs_blind,sim2sim,0.8,288,0,0,0,0,0,0
l0.5/isaac_legs_blind,l0.5/mujoco_legs_blind,sim2sim,0.9,288,0,0,0,0,0,0
l0.5/isaac_legs_blind,l0.5/mujoco_legs_blind,sim2sim,1,288,0,0,0,0,0,0
l0.5/isaac_legs_blind,l0.5/mujoco_legs_blind,sim2sim,all,3168,0.00599747,0.000315657,0.00568182,18,0,1
l0.5/mujoco,l0.5/mujoco_isaacphys,variant,0,288,0.00347222,0.0138889,-0.0104167,1,4,0
l0.5/mujoco,l0.5/mujoco_isaacphys,variant,0.1,288,0.0104167,0.03125,-0.0208333,3,9,0
l0.5/mujoco,l0.5/mujoco_isaacphys,variant,0.2,288,0.00694444,0.0173611,-0.0104167,2,5,0
l0.5/mujoco,l0.5/mujoco_isaacphys,variant,0.3,288,0.00694444,0.0104167,-0.00347222,1,2,1
l0.5/mujoco,l0.5/mujoco_isaacphys,variant,0.4,288,0.00347222,0.0104167,-0.00694444,1,3,0
l0.5/mujoco,l0.5/mujoco_isaacphys,variant,0.5,288,0,0.00347222,-0.00347222,0,1,0
l0.5/mujoco,l0.5/mujoco_isaacphys,variant,0.6,288,0,0.00347222,-0.00347222,0,1,0
l0.5/mujoco,l0.5/mujoco_isaacphys,variant,0.7,288,0.00347222,0,0.00347222,1,0,0
l0.5/mujoco,l0.5/mujoco_isaacphys,variant,0.8,288,0,0,0,0,0,0
l0.5/mujoco,l0.5/mujoco_isaacphys,variant,0.9,288,0,0,0,0,0,0
l0.5/mujoco,l0.5/mujoco_isaacphys,variant,1,288,0,0,0,0,0,0
l0.5/mujoco,l0.5/mujoco_isaacphys,variant,all,3168,0.00315657,0.00820707,-0.00505051,9,25,1
l0.5/mujoco,l0.5/mujoco_legs_blind,variant,0,288,0.00347222,0,0.00347222,1,0,0
l0.5/mujoco,l0.5/mujoco_legs_blind,variant,0.1,288,0.0104167,0,0.0104167,3,0,0
l0.5/mujoco,l0.5/mujoco_legs_blind,variant,0.2,288,0.00694444,0,0.00694444,2,0,0
l0.5/mujoco,l0.5/mujoco_legs_blind,variant,0.3,288,0.00694444,0,0.00694444,2,0,0
l0.5/mujoco,l0.5/mujoco_legs_blind,variant,0.4,288,0.00347222,0.00347222,0,1,1,0
l0.5/mujoco,l0.5/mujoco_legs_blind,variant,0.5,288,0,0,0,0,0,0
l0.5/mujoco,l0.5/mujoco_legs_blind,variant,0.6,288,0,0,0,0,0,0
l0.5/mujoco,l0.5/mujoco_legs_blind,variant,0.7,288,0.00347222,0,0.00347222,1,0,0
l0.5/mujoco,l0.5/mujoco_legs_blind,variant,0.8,288,0,0,0,0,0,0
l0.5/mujoco,l0.5/mujoco_legs_blind,variant,0.9,288,0,0,0,0,0,0
l0.5/mujoco,l0.5/mujoco_legs_blind,variant,1,288,0,0,0,0,0,0
l0.5/mujoco,l0.5/mujoco_legs_blind,variant,all,3168,0.00315657,0.000315657,0.00284091,10,1,0
l0.5/mujoco_isaacphys,l0.5/mujoco_legs_blind,variant,0,288,0.0138889,0,0.0138889,4,0,0
l0.5/mujoco_isaacphys,l0.5/mujoco_legs_blind,variant,0.1,288,0.03125,0,0.03125,9,0,0
l0.5/mujoco_isaacphys,l0.5/mujoco_legs_blind,variant,0.2,288,0.0173611,0,0.0173611,5,0,0
l0.5/mujoco_isaacphys,l0.5/mujoco_legs_blind,variant,0.3,288,0.0104167,0,0.0104167,3,0,0
l0.5/mujoco_isaacphys,l0.5/mujoco_legs_blind,variant,0.4,288,0.0104167,0.00347222,0.00694444,2,0,1
l0.5/mujoco_isaacphys,l0.5/mujoco_legs_blind,variant,0.5,288,0.00347222,0,0.00347222,1,0,0
l0.5/mujoco_isaacphys,l0.5/mujoco_legs_blind,variant,0.6,288,0.00347222,0,0.00347222,1,0,0
l0.5/mujoco_isaacphys,l0.5/mujoco_legs_blind,variant,0.7,288,0,0,0,0,0,0
l0.5/mujoco_isaacphys,l0.5/mujoco_legs_blind,variant,0.8,288,0,0,0,0,0,0
l0.5/mujoco_isaacphys,l0.5/mujoco_legs_blind,variant,0.9,288,0,0,0,0,0,0
l0.5/mujoco_isaacphys,l0.5/mujoco_legs_blind,variant,1,288,0,0,0,0,0,0
l0.5/mujoco_isaacphys,l0.5/mujoco_legs_blind,variant,all,3168,0.00820707,0.000315657,0.00789141,25,0,1
l0.5_52k/isaac,l0.5_52k/mujoco,sim2sim,0,288,0.0486111,0,0.0486111,14,0,0
l0.5_52k/isaac,l0.5_52k/mujoco,sim2sim,0.1,288,0.0798611,0,0.0798611,23,0,0
l0.5_52k/isaac,l0.5_52k/mujoco,sim2sim,0.2,288,0.107639,0,0.107639,31,0,0
l0.5_52k/isaac,l0.5_52k/mujoco,sim2sim,0.3,288,0.100694,0,0.100694,29,0,0
l0.5_52k/isaac,l0.5_52k/mujoco,sim2sim,0.4,288,0.0590278,0,0.0590278,17,0,0
l0.5_52k/isaac,l0.5_52k/mujoco,sim2sim,0.5,288,0.0243056,0,0.0243056,7,0,0
l0.5_52k/isaac,l0.5_52k/mujoco,sim2sim,0.6,288,0.0208333,0,0.0208333,6,0,0
l0.5_52k/isaac,l0.5_52k/mujoco,sim2sim,0.7,288,0.0173611,0,0.0173611,5,0,0
l0.5_52k/isaac,l0.5_52k/mujoco,sim2sim,0.8,288,0.0104167,0,0.0104167,3,0,0
l0.5_52k/isaac,l0.5_52k/mujoco,sim2sim,0.9,288,0.00347222,0,0.00347222,1,0,0
l0.5_52k/isaac,l0.5_52k/mujoco,sim2sim,1,288,0,0,0,0,0,0
l0.5_52k/isaac,l0.5_52k/mujoco,sim2sim,all,3168,0.0429293,0,0.0429293,136,0,0
l0.5_52k/mujoco,l0.5_52k/mujoco_isaacphys,variant,0,288,0,0.0104167,-0.0104167,0,3,0
l0.5_52k/mujoco,l0.5_52k/mujoco_isaacphys,variant,0.1,288,0,0.00347222,-0.00347222,0,1,0
l0.5_52k/mujoco,l0.5_52k/mujoco_isaacphys,variant,0.2,288,0,0.0104167,-0.0104167,0,3,0
l0.5_52k/mujoco,l0.5_52k/mujoco_isaacphys,variant,0.3,288,0,0.00347222,-0.00347222,0,1,0
l0.5_52k/mujoco,l0.5_52k/mujoco_isaacphys,variant,0.4,288,0,0.00694444,-0.00694444,0,2,0
l0.5_52k/mujoco,l0.5_52k/mujoco_isaacphys,variant,0.5,288,0,0.00347222,-0.00347222,0,1,0
l0.5_52k/mujoco,l0.5_52k/mujoco_isaacphys,variant,0.6,288,0,0.00347222,-0.00347222,0,1,0
l0.5_52k/mujoco,l0.5_52k/mujoco_isaacphys,variant,0.7,288,0,0.00347222,-0.00347222,0,1,0
l0.5_52k/mujoco,l0.5_52k/mujoco_isaacphys,variant,0.8,288,0,0,0,0,0,0
l0.5_52k/mujoco,l0.5_52k/mujoco_isaacphys,variant,0.9,288,0,0,0,0,0,0
l0.5_52k/mujoco,l0.5_52k/mujoco_isaacphys,variant,1,288,0,0,0,0,0,0
l0.5_52k/mujoco,l0.5_52k/mujoco_isaacphys,variant,all,3168,0,0.00410354,-0.00410354,0,13,0
l0.5_52k/mujoco,l0.5_52k/mujoco_isaacphys_trueodom,variant,0,288,0,0.0798611,-0.0798611,0,23,0
l0.5_52k/mujoco,l0.5_52k/mujoco_isaacphys_trueodom,variant,0.1,288,0,0.118056,-0.118056,0,34,0
l0.5_52k/mujoco,l0.5_52k/mujoco_isaacphys_trueodom,variant,0.2,288,0,0.118056,-0.118056,0,34,0
l0.5_52k/mujoco,l0.5_52k/mujoco_isaacphys_trueodom,variant,0.3,288,0,0.100694,-0.100694,0,29,0
l0.5_52k/mujoco,l0.5_52k/mujoco_isaacphys_trueodom,variant,0.4,288,0,0.0833333,-0.0833333,0,24,0
l0.5_52k/mujoco,l0.5_52k/mujoco_isaacphys_trueodom,variant,0.5,288,0,0.0451389,-0.0451389,0,13,0
l0.5_52k/mujoco,l0.5_52k/mujoco_isaacphys_trueodom,variant,0.6,288,0,0.03125,-0.03125,0,9,0
l0.5_52k/mujoco,l0.5_52k/mujoco_isaacphys_trueodom,variant,0.7,288,0,0.0243056,-0.0243056,0,7,0
l0.5_52k/mujoco,l0.5_52k/mujoco_isaacphys_trueodom,variant,0.8,288,0,0,0,0,0,0
l0.5_52k/mujoco,l0.5_52k/mujoco_isaacphys_trueodom,variant,0.9,288,0,0,0,0,0,0
l0.5_52k/mujoco,l0.5_52k/mujoco_isaacphys_trueodom,variant,1,288,0,0,0,0,0,0
l0.5_52k/mujoco,l0.5_52k/mujoco_isaacphys_trueodom,variant,all,3168,0,0.0546086,-0.0546086,0,173,0
l0.5_52k/mujoco,l0.5_52k/mujoco_legs_blind,variant,0,288,0,0.00347222,-0.00347222,0,1,0
l0.5_52k/mujoco,l0.5_52k/mujoco_legs_blind,variant,0.1,288,0,0.00347222,-0.00347222,0,1,0
l0.5_52k/mujoco,l0.5_52k/mujoco_legs_blind,variant,0.2,288,0,0.00347222,-0.00347222,0,1,0
l0.5_52k/mujoco,l0.5_52k/mujoco_legs_blind,variant,0.3,288,0,0,0,0,0,0
l0.5_52k/mujoco,l0.5_52k/mujoco_legs_blind,variant,0.4,288,0,0,0,0,0,0
l0.5_52k/mujoco,l0.5_52k/mujoco_legs_blind,variant,0.5,288,0,0,0,0,0,0
l0.5_52k/mujoco,l0.5_52k/mujoco_legs_blind,variant,0.6,288,0,0,0,0,0,0
l0.5_52k/mujoco,l0.5_52k/mujoco_legs_blind,variant,0.7,288,0,0,0,0,0,0
l0.5_52k/mujoco,l0.5_52k/mujoco_legs_blind,variant,0.8,288,0,0,0,0,0,0
l0.5_52k/mujoco,l0.5_52k/mujoco_legs_blind,variant,0.9,288,0,0,0,0,0,0
l0.5_52k/mujoco,l0.5_52k/mujoco_legs_blind,variant,1,288,0,0,0,0,0,0
l0.5_52k/mujoco,l0.5_52k/mujoco_legs_blind,variant,all,3168,0,0.00094697,-0.00094697,0,3,0
l0.5_52k/mujoco,l0.5_52k/mujoco_trueodom,variant,0,288,0,0.0381944,-0.0381944,0,11,0
l0.5_52k/mujoco,l0.5_52k/mujoco_trueodom,variant,0.1,288,0,0.0416667,-0.0416667,0,12,0
l0.5_52k/mujoco,l0.5_52k/mujoco_trueodom,variant,0.2,288,0,0.0590278,-0.0590278,0,17,0
l0.5_52k/mujoco,l0.5_52k/mujoco_trueodom,variant,0.3,288,0,0.0659722,-0.0659722,0,19,0
l0.5_52k/mujoco,l0.5_52k/mujoco_trueodom,variant,0.4,288,0,0.03125,-0.03125,0,9,0
l0.5_52k/mujoco,l0.5_52k/mujoco_trueodom,variant,0.5,288,0,0.0243056,-0.0243056,0,7,0
l0.5_52k/mujoco,l0.5_52k/mujoco_trueodom,variant,0.6,288,0,0.0104167,-0.0104167,0,3,0
l0.5_52k/mujoco,l0.5_52k/mujoco_trueodom,variant,0.7,288,0,0.0173611,-0.0173611,0,5,0
l0.5_52k/mujoco,l0.5_52k/mujoco_trueodom,variant,0.8,288,0,0.00347222,-0.00347222,0,1,0
l0.5_52k/mujoco,l0.5_52k/mujoco_trueodom,variant,0.9,288,0,0,0,0,0,0
l0.5_52k/mujoco,l0.5_52k/mujoco_trueodom,variant,1,288,0,0,0,0,0,0
l0.5_52k/mujoco,l0.5_52k/mujoco_trueodom,variant,all,3168,0,0.0265152,-0.0265152,0,84,0
l0.5_52k/mujoco_isaacphys,l0.5_52k/mujoco_isaacphys_trueodom,variant,0,288,0.0104167,0.0798611,-0.0694444,1,21,2
l0.5_52k/mujoco_isaacphys,l0.5_52k/mujoco_isaacphys_trueodom,variant,0.1,288,0.00347222,0.118056,-0.114583,0,33,1
l0.5_52k/mujoco_isaacphys,l0.5_52k/mujoco_isaacphys_trueodom,variant,0.2,288,0.0104167,0.118056,-0.107639,0,31,3
l0.5_52k/mujoco_isaacphys,l0.5_52k/mujoco_isaacphys_trueodom,variant,0.3,288,0.00347222,0.100694,-0.0972222,0,28,1
l0.5_52k/mujoco_isaacphys,l0.5_52k/mujoco_isaacphys_trueodom,variant,0.4,288,0.00694444,0.0833333,-0.0763889,0,22,2
l0.5_52k/mujoco_isaacphys,l0.5_52k/mujoco_isaacphys_trueodom,variant,0.5,288,0.00347222,0.0451389,-0.0416667,0,12,1
l0.5_52k/mujoco_isaacphys,l0.5_52k/mujoco_isaacphys_trueodom,variant,0.6,288,0.00347222,0.03125,-0.0277778,0,8,1
l0.5_52k/mujoco_isaacphys,l0.5_52k/mujoco_isaacphys_trueodom,variant,0.7,288,0.00347222,0.0243056,-0.0208333,0,6,1
l0.5_52k/mujoco_isaacphys,l0.5_52k/mujoco_isaacphys_trueodom,variant,0.8,288,0,0,0,0,0,0
l0.5_52k/mujoco_isaacphys,l0.5_52k/mujoco_isaacphys_trueodom,variant,0.9,288,0,0,0,0,0,0
l0.5_52k/mujoco_isaacphys,l0.5_52k/mujoco_isaacphys_trueodom,variant,1,288,0,0,0,0,0,0
l0.5_52k/mujoco_isaacphys,l0.5_52k/mujoco_isaacphys_trueodom,variant,all,3168,0.00410354,0.0546086,-0.0505051,1,161,12
l0.5_52k/mujoco_isaacphys,l0.5_52k/mujoco_legs_blind,variant,0,288,0.0104167,0.00347222,0.00694444,3,1,0
l0.5_52k/mujoco_isaacphys,l0.5_52k/mujoco_legs_blind,variant,0.1,288,0.00347222,0.00347222,0,1,1,0
l0.5_52k/mujoco_isaacphys,l0.5_52k/mujoco_legs_blind,variant,0.2,288,0.0104167,0.00347222,0.00694444,3,1,0
l0.5_52k/mujoco_isaacphys,l0.5_52k/mujoco_legs_blind,variant,0.3,288,0.00347222,0,0.00347222,1,0,0
l0.5_52k/mujoco_isaacphys,l0.5_52k/mujoco_legs_blind,variant,0.4,288,0.00694444,0,0.00694444,2,0,0
l0.5_52k/mujoco_isaacphys,l0.5_52k/mujoco_legs_blind,variant,0.5,288,0.00347222,0,0.00347222,1,0,0
l0.5_52k/mujoco_isaacphys,l0.5_52k/mujoco_legs_blind,variant,0.6,288,0.00347222,0,0.00347222,1,0,0
l0.5_52k/mujoco_isaacphys,l0.5_52k/mujoco_legs_blind,variant,0.7,288,0.00347222,0,0.00347222,1,0,0
l0.5_52k/mujoco_isaacphys,l0.5_52k/mujoco_legs_blind,variant,0.8,288,0,0,0,0,0,0
l0.5_52k/mujoco_isaacphys,l0.5_52k/mujoco_legs_blind,variant,0.9,288,0,0,0,0,0,0
l0.5_52k/mujoco_isaacphys,l0.5_52k/mujoco_legs_blind,variant,1,288,0,0,0,0,0,0
l0.5_52k/mujoco_isaacphys,l0.5_52k/mujoco_legs_blind,variant,all,3168,0.00410354,0.00094697,0.00315657,13,3,0
l0.5_52k/mujoco_isaacphys,l0.5_52k/mujoco_trueodom,variant,0,288,0.0104167,0.0381944,-0.0277778,3,11,0
l0.5_52k/mujoco_isaacphys,l0.5_52k/mujoco_trueodom,variant,0.1,288,0.00347222,0.0416667,-0.0381944,1,12,0
l0.5_52k/mujoco_isaacphys,l0.5_52k/mujoco_trueodom,variant,0.2,288,0.0104167,0.0590278,-0.0486111,2,16,1
l0.5_52k/mujoco_isaacphys,l0.5_52k/mujoco_trueodom,variant,0.3,288,0.00347222,0.0659722,-0.0625,0,18,1
l0.5_52k/mujoco_isaacphys,l0.5_52k/mujoco_trueodom,variant,0.4,288,0.00694444,0.03125,-0.0243056,2,9,0
l0.5_52k/mujoco_isaacphys,l0.5_52k/mujoco_trueodom,variant,0.5,288,0.00347222,0.0243056,-0.0208333,1,7,0
l0.5_52k/mujoco_isaacphys,l0.5_52k/mujoco_trueodom,variant,0.6,288,0.00347222,0.0104167,-0.00694444,1,3,0
l0.5_52k/mujoco_isaacphys,l0.5_52k/mujoco_trueodom,variant,0.7,288,0.00347222,0.0173611,-0.0138889,0,4,1
l0.5_52k/mujoco_isaacphys,l0.5_52k/mujoco_trueodom,variant,0.8,288,0,0.00347222,-0.00347222,0,1,0
l0.5_52k/mujoco_isaacphys,l0.5_52k/mujoco_trueodom,variant,0.9,288,0,0,0,0,0,0
l0.5_52k/mujoco_isaacphys,l0.5_52k/mujoco_trueodom,variant,1,288,0,0,0,0,0,0
l0.5_52k/mujoco_isaacphys,l0.5_52k/mujoco_trueodom,variant,all,3168,0.00410354,0.0265152,-0.0224116,10,81,3
l0.5_52k/mujoco_isaacphys_trueodom,l0.5_52k/mujoco_legs_blind,variant,0,288,0.0798611,0.00347222,0.0763889,22,0,1
l0.5_52k/mujoco_isaacphys_trueodom,l0.5_52k/mujoco_legs_blind,variant,0.1,288,0.118056,0.00347222,0.114583,33,0,1
l0.5_52k/mujoco_isaacphys_trueodom,l0.5_52k/mujoco_legs_blind,variant,0.2,288,0.118056,0.00347222,0.114583,33,0,1
l0.5_52k/mujoco_isaacphys_trueodom,l0.5_52k/mujoco_legs_blind,variant,0.3,288,0.100694,0,0.100694,29,0,0
l0.5_52k/mujoco_isaacphys_trueodom,l0.5_52k/mujoco_legs_blind,variant,0.4,288,0.0833333,0,0.0833333,24,0,0
l0.5_52k/mujoco_isaacphys_trueodom,l0.5_52k/mujoco_legs_blind,variant,0.5,288,0.0451389,0,0.0451389,13,0,0
l0.5_52k/mujoco_isaacphys_trueodom,l0.5_52k/mujoco_legs_blind,variant,0.6,288,0.03125,0,0.03125,9,0,0
l0.5_52k/mujoco_isaacphys_trueodom,l0.5_52k/mujoco_legs_blind,variant,0.7,288,0.0243056,0,0.0243056,7,0,0
l0.5_52k/mujoco_isaacphys_trueodom,l0.5_52k/mujoco_legs_blind,variant,0.8,288,0,0,0,0,0,0
l0.5_52k/mujoco_isaacphys_trueodom,l0.5_52k/mujoco_legs_blind,variant,0.9,288,0,0,0,0,0,0
l0.5_52k/mujoco_isaacphys_trueodom,l0.5_52k/mujoco_legs_blind,variant,1,288,0,0,0,0,0,0
l0.5_52k/mujoco_isaacphys_trueodom,l0.5_52k/mujoco_legs_blind,variant,all,3168,0.0546086,0.00094697,0.0536616,170,0,3
l0.5_52k/mujoco_isaacphys_trueodom,l0.5_52k/mujoco_trueodom,variant,0,288,0.0798611,0.0381944,0.0416667,14,2,9
l0.5_52k/mujoco_isaacphys_trueodom,l0.5_52k/mujoco_trueodom,variant,0.1,288,0.118056,0.0416667,0.0763889,26,4,8
l0.5_52k/mujoco_isaacphys_trueodom,l0.5_52k/mujoco_trueodom,variant,0.2,288,0.118056,0.0590278,0.0590278,22,5,12
l0.5_52k/mujoco_isaacphys_trueodom,l0.5_52k/mujoco_trueodom,variant,0.3,288,0.100694,0.0659722,0.0347222,18,8,11
l0.5_52k/mujoco_isaacphys_trueodom,l0.5_52k/mujoco_trueodom,variant,0.4,288,0.0833333,0.03125,0.0520833,18,3,6
l0.5_52k/mujoco_isaacphys_trueodom,l0.5_52k/mujoco_trueodom,variant,0.5,288,0.0451389,0.0243056,0.0208333,8,2,5
l0.5_52k/mujoco_isaacphys_trueodom,l0.5_52k/mujoco_trueodom,variant,0.6,288,0.03125,0.0104167,0.0208333,7,1,2
l0.5_52k/mujoco_isaacphys_trueodom,l0.5_52k/mujoco_trueodom,variant,0.7,288,0.0243056,0.0173611,0.00694444,3,1,4
l0.5_52k/mujoco_isaacphys_trueodom,l0.5_52k/mujoco_trueodom,variant,0.8,288,0,0.00347222,-0.00347222,0,1,0
l0.5_52k/mujoco_isaacphys_trueodom,l0.5_52k/mujoco_trueodom,variant,0.9,288,0,0,0,0,0,0
l0.5_52k/mujoco_isaacphys_trueodom,l0.5_52k/mujoco_trueodom,variant,1,288,0,0,0,0,0,0
l0.5_52k/mujoco_isaacphys_trueodom,l0.5_52k/mujoco_trueodom,variant,all,3168,0.0546086,0.0265152,0.0280934,116,27,57
l0.5_52k/mujoco_legs_blind,l0.5_52k/mujoco_trueodom,variant,0,288,0.00347222,0.0381944,-0.0347222,0,10,1
l0.5_52k/mujoco_legs_blind,l0.5_52k/mujoco_trueodom,variant,0.1,288,0.00347222,0.0416667,-0.0381944,0,11,1
l0.5_52k/mujoco_legs_blind,l0.5_52k/mujoco_trueodom,variant,0.2,288,0.00347222,0.0590278,-0.0555556,0,16,1
l0.5_52k/mujoco_legs_blind,l0.5_52k/mujoco_trueodom,variant,0.3,288,0,0.0659722,-0.0659722,0,19,0
l0.5_52k/mujoco_legs_blind,l0.5_52k/mujoco_trueodom,variant,0.4,288,0,0.03125,-0.03125,0,9,0
l0.5_52k/mujoco_legs_blind,l0.5_52k/mujoco_trueodom,variant,0.5,288,0,0.0243056,-0.0243056,0,7,0
l0.5_52k/mujoco_legs_blind,l0.5_52k/mujoco_trueodom,variant,0.6,288,0,0.0104167,-0.0104167,0,3,0
l0.5_52k/mujoco_legs_blind,l0.5_52k/mujoco_trueodom,variant,0.7,288,0,0.0173611,-0.0173611,0,5,0
l0.5_52k/mujoco_legs_blind,l0.5_52k/mujoco_trueodom,variant,0.8,288,0,0.00347222,-0.00347222,0,1,0
l0.5_52k/mujoco_legs_blind,l0.5_52k/mujoco_trueodom,variant,0.9,288,0,0,0,0,0,0
l0.5_52k/mujoco_legs_blind,l0.5_52k/mujoco_trueodom,variant,1,288,0,0,0,0,0,0
l0.5_52k/mujoco_legs_blind,l0.5_52k/mujoco_trueodom,variant,all,3168,0.00094697,0.0265152,-0.0255682,0,81,3
