condition,group,tau,n,success_pos
golem_ik/kinematic,all,0.01,3168,0.0757576
golem_ik/kinematic,all,0.015,3168,0.0823864
golem_ik/kinematic,all,0.02,3168,0.0861742
golem_ik/kinematic,all,0.025,3168,0.0931187
golem_ik/kinematic,all,0.03,3168,0.0988005
golem_ik/kinematic,all,0.035,3168,0.104798
golem_ik/kinematic,all,0.04,3168,0.11048
golem_ik/kinematic,all,0.045,3168,0.119003
golem_ik/kinematic,all,0.05,3168,0.125316
golem_ik/kinematic,all,0.055,3168,0.131629
golem_ik/kinematic,all,0.06,3168,0.140152
golem_ik/kinematic,all,0.065,3168,0.151515
golem_ik/kinematic,all,0.07,3168,0.164457
golem_ik/kinematic,all,0.075,3168,0.173295
golem_ik/kinematic,all,0.08,3168,0.178977
golem_ik/kinematic,all,0.085,3168,0.187816
golem_ik/kinematic,all,0.09,3168,0.193813
golem_ik/kinematic,all,0.095,3168,0.202336
golem_ik/kinematic,all,0.1,3168,0.211806
golem_ik/kinematic,all,0.105,3168,0.221275
golem_ik/kinematic,all,0.11,3168,0.225379
golem_ik/kinematic,all,0.115,3168,0.229798
golem_ik/kinematic,all,0.12,3168,0.237374
golem_ik/kinematic,all,0.125,3168,0.242109
golem_ik/kinematic,all,0.13,3168,0.25221
golem_ik/kinematic,all,0.135,3168,0.260101
golem_ik/kinematic,all,0.14,3168,0.268308
golem_ik/kinematic,all,0.145,3168,0.275568
golem_ik/kinematic,all,0.15,3168,0.282513
golem_ik/kinematic,all,0.155,3168,0.291667
golem_ik/kinematic,all,0.16,3168,0.301452
golem_ik/kinematic,all,0.165,3168,0.307449
golem_ik/kinematic,all,0.17,3168,0.315657
golem_ik/kinematic,all,0.175,3168,0.324495
golem_ik/kinematic,all,0.18,3168,0.332071
golem_ik/kinematic,all,0.185,3168,0.345013
golem_ik/kinematic,all,0.19,3168,0.35322
golem_ik/kinematic,all,0.195,3168,0.361427
golem_ik/kinematic,all,0.2,3168,0.368687
golem_ik/kinematic,below,0.01,1887,0
golem_ik/kinematic,below,0.015,1887,0
golem_ik/kinematic,below,0.02,1887,0
golem_ik/kinematic,below,0.025,1887,0
golem_ik/kinematic,below,0.03,1887,0
golem_ik/kinematic,below,0.035,1887,0
golem_ik/kinematic,below,0.04,1887,0
golem_ik/kinematic,below,0.045,1887,0
golem_ik/kinematic,below,0.05,1887,0
golem_ik/kinematic,below,0.055,1887,0.00105988
golem_ik/kinematic,below,0.06,1887,0.00105988
golem_ik/kinematic,below,0.065,1887,0.00105988
golem_ik/kinematic,below,0.07,1887,0.00105988
golem_ik/kinematic,below,0.075,1887,0.00158983
golem_ik/kinematic,below,0.08,1887,0.00264971
golem_ik/kinematic,below,0.085,1887,0.00264971
golem_ik/kinematic,below,0.09,1887,0.00317965
golem_ik/kinematic,below,0.095,1887,0.00317965
golem_ik/kinematic,below,0.1,1887,0.00423953
golem_ik/kinematic,below,0.105,1887,0.00476948
golem_ik/kinematic,below,0.11,1887,0.00688924
golem_ik/kinematic,below,0.115,1887,0.00794913
golem_ik/kinematic,below,0.12,1887,0.00900901
golem_ik/kinematic,below,0.125,1887,0.00900901
golem_ik/kinematic,below,0.13,1887,0.0105988
golem_ik/kinematic,below,0.135,1887,0.0116587
golem_ik/kinematic,below,0.14,1887,0.0132485
golem_ik/kinematic,below,0.145,1887,0.0158983
golem_ik/kinematic,below,0.15,1887,0.018548
golem_ik/kinematic,below,0.155,1887,0.0233174
golem_ik/kinematic,below,0.16,1887,0.027557
golem_ik/kinematic,below,0.165,1887,0.027557
golem_ik/kinematic,below,0.17,1887,0.0312666
golem_ik/kinematic,below,0.175,1887,0.0344462
golem_ik/kinematic,below,0.18,1887,0.036036
golem_ik/kinematic,below,0.185,1887,0.0413355
golem_ik/kinematic,below,0.19,1887,0.0461049
golem_ik/kinematic,below,0.195,1887,0.0482247
golem_ik/kinematic,below,0.2,1887,0.0540541
golem_ik/kinematic,above,0.01,1281,0.187354
golem_ik/kinematic,above,0.015,1281,0.203747
golem_ik/kinematic,above,0.02,1281,0.213115
golem_ik/kinematic,above,0.025,1281,0.230289
golem_ik/kinematic,above,0.03,1281,0.24434
golem_ik/kinematic,above,0.035,1281,0.259173
golem_ik/kinematic,above,0.04,1281,0.273224
golem_ik/kinematic,above,0.045,1281,0.294301
golem_ik/kinematic,above,0.05,1281,0.309914
golem_ik/kinematic,above,0.055,1281,0.323966
golem_ik/kinematic,above,0.06,1281,0.345043
golem_ik/kinematic,above,0.065,1281,0.373146
golem_ik/kinematic,above,0.07,1281,0.405152
golem_ik/kinematic,above,0.075,1281,0.42623
golem_ik/kinematic,above,0.08,1281,0.43872
golem_ik/kinematic,above,0.085,1281,0.460578
golem_ik/kinematic,above,0.09,1281,0.474629
golem_ik/kinematic,above,0.095,1281,0.495706
golem_ik/kinematic,above,0.1,1281,0.517564
golem_ik/kinematic,above,0.105,1281,0.540203
golem_ik/kinematic,above,0.11,1281,0.547229
golem_ik/kinematic,above,0.115,1281,0.556596
golem_ik/kinematic,above,0.12,1281,0.57377
golem_ik/kinematic,above,0.125,1281,0.58548
golem_ik/kinematic,above,0.13,1281,0.608119
golem_ik/kinematic,above,0.135,1281,0.626073
golem_ik/kinematic,above,0.14,1281,0.644028
golem_ik/kinematic,above,0.145,1281,0.65808
golem_ik/kinematic,above,0.15,1281,0.671351
golem_ik/kinematic,above,0.155,1281,0.686963
golem_ik/kinematic,above,0.16,1281,0.704918
golem_ik/kinematic,above,0.165,1281,0.71975
golem_ik/kinematic,above,0.17,1281,0.734582
golem_ik/kinematic,above,0.175,1281,0.751756
golem_ik/kinematic,above,0.18,1281,0.76815
golem_ik/kinematic,above,0.185,1281,0.79235
golem_ik/kinematic,above,0.19,1281,0.805621
golem_ik/kinematic,above,0.195,1281,0.822795
golem_ik/kinematic,above,0.2,1281,0.832162
l0.5/isaac,all,0.01,3168,0
l0.5/isaac,all,0.015,3168,0
l0.5/isaac,all,0.02,3168,0
l0.5/isaac,all,0.025,3168,0
l0.5/isaac,all,0.03,3168,0.00189394
l0.5/isaac,all,0.035,3168,0.00568182
l0.5/isaac,all,0.04,3168,0.0135732
l0.5/isaac,all,0.045,3168,0.0318813
l0.5/isaac,all,0.05,3168,0.0508207
l0.5/isaac,all,0.055,3168,0.0779672
l0.5/isaac,all,0.06,3168,0.111742
l0.5/isaac,all,0.065,3168,0.139836
l0.5/isaac,all,0.07,3168,0.166351
l0.5/isaac,all,0.075,3168,0.193497
l0.5/isaac,all,0.08,3168,0.221907
l0.5/isaac,all,0.085,3168,0.242424
l0.5/isaac,all,0.09,3168,0.266414
l0.5/isaac,all,0.095,3168,0.28851
l0.5/isaac,all,0.1,3168,0.305556
l0.5/isaac,all,0.105,3168,0.324179
l0.5/isaac,all,0.11,3168,0.341856
l0.5/isaac,all,0.115,3168,0.360795
l0.5/isaac,all,0.12,3168,0.376578
l0.5/isaac,all,0.125,3168,0.38952
l0.5/isaac,all,0.13,3168,0.405303
l0.5/isaac,all,0.135,3168,0.418876
l0.5/isaac,all,0.14,3168,0.434343
l0.5/isaac,all,0.145,3168,0.445076
l0.5/isaac,all,0.15,3168,0.459912
l0.5/isaac,all,0.155,3168,0.471907
l0.5/isaac,all,0.16,3168,0.486111
l0.5/isaac,all,0.165,3168,0.496843
l0.5/isaac,all,0.17,3168,0.508838
l0.5/isaac,all,0.175,3168,0.523043
l0.5/isaac,all,0.18,3168,0.535669
l0.5/isaac,all,0.185,3168,0.547033
l0.5/isaac,all,0.19,3168,0.556503
l0.5/isaac,all,0.195,3168,0.565025
l0.5/isaac,all,0.2,3168,0.574811
l0.5/isaac,below,0.01,1887,0
l0.5/isaac,below,0.015,1887,0
l0.5/isaac,below,0.02,1887,0
l0.5/isaac,below,0.025,1887,0
l0.5/isaac,below,0.03,1887,0
l0.5/isaac,below,0.035,1887,0.00105988
l0.5/isaac,below,0.04,1887,0.00317965
l0.5/isaac,below,0.045,1887,0.00847907
l0.5/isaac,below,0.05,1887,0.018548
l0.5/isaac,below,0.055,1887,0.0307366
l0.5/isaac,below,0.06,1887,0.0439852
l0.5/isaac,below,0.065,1887,0.0540541
l0.5/isaac,below,0.07,1887,0.0646529
l0.5/isaac,below,0.075,1887,0.072602
l0.5/isaac,below,0.08,1887,0.0847907
l0.5/isaac,below,0.085,1887,0.0916799
l0.5/isaac,below,0.09,1887,0.107578
l0.5/isaac,below,0.095,1887,0.120827
l0.5/isaac,below,0.1,1887,0.133545
l0.5/isaac,below,0.105,1887,0.145204
l0.5/isaac,below,0.11,1887,0.155803
l0.5/isaac,below,0.115,1887,0.168521
l0.5/isaac,below,0.12,1887,0.17859
l0.5/isaac,below,0.125,1887,0.18548
l0.5/isaac,below,0.13,1887,0.193959
l0.5/isaac,below,0.135,1887,0.203498
l0.5/isaac,below,0.14,1887,0.214626
l0.5/isaac,below,0.145,1887,0.219926
l0.5/isaac,below,0.15,1887,0.231055
l0.5/isaac,below,0.155,1887,0.241123
l0.5/isaac,below,0.16,1887,0.253842
l0.5/isaac,below,0.165,1887,0.262851
l0.5/isaac,below,0.17,1887,0.27716
l0.5/isaac,below,0.175,1887,0.293058
l0.5/isaac,below,0.18,1887,0.307366
l0.5/isaac,below,0.185,1887,0.317965
l0.5/isaac,below,0.19,1887,0.327504
l0.5/isaac,below,0.195,1887,0.335983
l0.5/isaac,below,0.2,1887,0.347642
l0.5/isaac,above,0.01,1281,0
l0.5/isaac,above,0.015,1281,0
l0.5/isaac,above,0.02,1281,0
l0.5/isaac,above,0.025,1281,0
l0.5/isaac,above,0.03,1281,0.00468384
l0.5/isaac,above,0.035,1281,0.0124902
l0.5/isaac,above,0.04,1281,0.0288837
l0.5/isaac,above,0.045,1281,0.0663544
l0.5/isaac,above,0.05,1281,0.0983607
l0.5/isaac,above,0.055,1281,0.147541
l0.5/isaac,above,0.06,1281,0.211553
l0.5/isaac,above,0.065,1281,0.266198
l0.5/isaac,above,0.07,1281,0.316159
l0.5/isaac,above,0.075,1281,0.371585
l0.5/isaac,above,0.08,1281,0.423888
l0.5/isaac,above,0.085,1281,0.464481
l0.5/isaac,above,0.09,1281,0.50039
l0.5/isaac,above,0.095,1281,0.535519
l0.5/isaac,above,0.1,1281,0.558938
l0.5/isaac,above,0.105,1281,0.587822
l0.5/isaac,above,0.11,1281,0.615925
l0.5/isaac,above,0.115,1281,0.644028
l0.5/isaac,above,0.12,1281,0.668228
l0.5/isaac,above,0.125,1281,0.690086
l0.5/isaac,above,0.13,1281,0.716628
l0.5/isaac,above,0.135,1281,0.736144
l0.5/isaac,above,0.14,1281,0.758002
l0.5/isaac,above,0.145,1281,0.776737
l0.5/isaac,above,0.15,1281,0.797034
l0.5/isaac,above,0.155,1281,0.811866
l0.5/isaac,above,0.16,1281,0.828259
l0.5/isaac,above,0.165,1281,0.84153
l0.5/isaac,above,0.17,1281,0.850117
l0.5/isaac,above,0.175,1281,0.861827
l0.5/isaac,above,0.18,1281,0.871975
l0.5/isaac,above,0.185,1281,0.884465
l0.5/isaac,above,0.19,1281,0.893833
l0.5/isaac,above,0.195,1281,0.90242
l0.5/isaac,above,0.2,1281,0.909446
l0.5/isaac_legs_blind,all,0.01,3168,0
l0.5/isaac_legs_blind,all,0.015,3168,0
l0.5/isaac_legs_blind,all,0.02,3168,0
l0.5/isaac_legs_blind,all,0.025,3168,0
l0.5/isaac_legs_blind,all,0.03,3168,0
l0.5/isaac_legs_blind,all,0.035,3168,0.000631313
l0.5/isaac_legs_blind,all,0.04,3168,0.00284091
l0.5/isaac_legs_blind,all,0.045,3168,0.00536616
l0.5/isaac_legs_blind,all,0.05,3168,0.010101
l0.5/isaac_legs_blind,all,0.055,3168,0.0148359
l0.5/isaac_legs_blind,all,0.06,3168,0.0230429
l0.5/isaac_legs_blind,all,0.065,3168,0.0287247
l0.5/isaac_legs_blind,all,0.07,3168,0.0372475
l0.5/isaac_legs_blind,all,0.075,3168,0.0473485
l0.5/isaac_legs_blind,all,0.08,3168,0.0593434
l0.5/isaac_legs_blind,all,0.085,3168,0.0710227
l0.5/isaac_legs_blind,all,0.09,3168,0.082702
l0.5/isaac_legs_blind,all,0.095,3168,0.094697
l0.5/isaac_legs_blind,all,0.1,3168,0.10827
l0.5/isaac_legs_blind,all,0.105,3168,0.118371
l0.5/isaac_legs_blind,all,0.11,3168,0.125947
l0.5/isaac_legs_blind,all,0.115,3168,0.136364
l0.5/isaac_legs_blind,all,0.12,3168,0.148359
l0.5/isaac_legs_blind,all,0.125,3168,0.15846
l0.5/isaac_legs_blind,all,0.13,3168,0.172664
l0.5/isaac_legs_blind,all,0.135,3168,0.182449
l0.5/isaac_legs_blind,all,0.14,3168,0.190657
l0.5/isaac_legs_blind,all,0.145,3168,0.198232
l0.5/isaac_legs_blind,all,0.15,3168,0.206755
l0.5/isaac_legs_blind,all,0.155,3168,0.217172
l0.5/isaac_legs_blind,all,0.16,3168,0.223485
l0.5/isaac_legs_blind,all,0.165,3168,0.231376
l0.5/isaac_legs_blind,all,0.17,3168,0.242109
l0.5/isaac_legs_blind,all,0.175,3168,0.249684
l0.5/isaac_legs_blind,all,0.18,3168,0.254735
l0.5/isaac_legs_blind,all,0.185,3168,0.265152
l0.5/isaac_legs_blind,all,0.19,3168,0.275568
l0.5/isaac_legs_blind,all,0.195,3168,0.28346
l0.5/isaac_legs_blind,all,0.2,3168,0.292929
l0.5/isaac_legs_blind,below,0.01,1887,0
l0.5/isaac_legs_blind,below,0.015,1887,0
l0.5/isaac_legs_blind,below,0.02,1887,0
l0.5/isaac_legs_blind,below,0.025,1887,0
l0.5/isaac_legs_blind,below,0.03,1887,0
l0.5/isaac_legs_blind,below,0.035,1887,0
l0.5/isaac_legs_blind,below,0.04,1887,0
l0.5/isaac_legs_blind,below,0.045,1887,0
l0.5/isaac_legs_blind,below,0.05,1887,0.000529942
l0.5/isaac_legs_blind,below,0.055,1887,0.000529942
l0.5/isaac_legs_blind,below,0.06,1887,0.000529942
l0.5/isaac_legs_blind,below,0.065,1887,0.000529942
l0.5/isaac_legs_blind,below,0.07,1887,0.000529942
l0.5/isaac_legs_blind,below,0.075,1887,0.000529942
l0.5/isaac_legs_blind,below,0.08,1887,0.00158983
l0.5/isaac_legs_blind,below,0.085,1887,0.00264971
l0.5/isaac_legs_blind,below,0.09,1887,0.00423953
l0.5/isaac_legs_blind,below,0.095,1887,0.0063593
l0.5/isaac_legs_blind,below,0.1,1887,0.00953895
l0.5/isaac_legs_blind,below,0.105,1887,0.0127186
l0.5/isaac_legs_blind,below,0.11,1887,0.0143084
l0.5/isaac_legs_blind,below,0.115,1887,0.0164282
l0.5/isaac_legs_blind,below,0.12,1887,0.0169581
l0.5/isaac_legs_blind,below,0.125,1887,0.0201378
l0.5/isaac_legs_blind,below,0.13,1887,0.0254372
l0.5/isaac_legs_blind,below,0.135,1887,0.0286169
l0.5/isaac_legs_blind,below,0.14,1887,0.0328564
l0.5/isaac_legs_blind,below,0.145,1887,0.0355061
l0.5/isaac_legs_blind,below,0.15,1887,0.0381558
l0.5/isaac_legs_blind,below,0.155,1887,0.0429253
l0.5/isaac_legs_blind,below,0.16,1887,0.0487546
l0.5/isaac_legs_blind,below,0.165,1887,0.0519343
l0.5/isaac_legs_blind,below,0.17,1887,0.0567038
l0.5/isaac_legs_blind,below,0.175,1887,0.0598834
l0.5/isaac_legs_blind,below,0.18,1887,0.0641229
l0.5/isaac_legs_blind,below,0.185,1887,0.0683625
l0.5/isaac_legs_blind,below,0.19,1887,0.0779014
l0.5/isaac_legs_blind,below,0.195,1887,0.082141
l0.5/isaac_legs_blind,below,0.2,1887,0.0885003
l0.5/isaac_legs_blind,above,0.01,1281,0
l0.5/isaac_legs_blind,above,0.015,1281,0
l0.5/isaac_legs_blind,above,0.02,1281,0
l0.5/isaac_legs_blind,above,0.025,1281,0
l0.5/isaac_legs_blind,above,0.03,1281,0
l0.5/isaac_legs_blind,above,0.035,1281,0.00156128
l0.5/isaac_legs_blind,above,0.04,1281,0.00702576
l0.5/isaac_legs_blind,above,0.045,1281,0.0132709
l0.5/isaac_legs_blind,above,0.05,1281,0.0241998
l0.5/isaac_legs_blind,above,0.055,1281,0.0359094
l0.5/isaac_legs_blind,above,0.06,1281,0.0562061
l0.5/isaac_legs_blind,above,0.065,1281,0.0702576
l0.5/isaac_legs_blind,above,0.07,1281,0.0913349
l0.5/isaac_legs_blind,above,0.075,1281,0.116315
l0.5/isaac_legs_blind,above,0.08,1281,0.144418
l0.5/isaac_legs_blind,above,0.085,1281,0.171741
l0.5/isaac_legs_blind,above,0.09,1281,0.198283
l0.5/isaac_legs_blind,above,0.095,1281,0.224824
l0.5/isaac_legs_blind,above,0.1,1281,0.253708
l0.5/isaac_legs_blind,above,0.105,1281,0.274005
l0.5/isaac_legs_blind,above,0.11,1281,0.290398
l0.5/isaac_legs_blind,above,0.115,1281,0.313037
l0.5/isaac_legs_blind,above,0.12,1281,0.34192
l0.5/isaac_legs_blind,above,0.125,1281,0.362217
l0.5/isaac_legs_blind,above,0.13,1281,0.389539
l0.5/isaac_legs_blind,above,0.135,1281,0.409055
l0.5/isaac_legs_blind,above,0.14,1281,0.423107
l0.5/isaac_legs_blind,above,0.145,1281,0.437939
l0.5/isaac_legs_blind,above,0.15,1281,0.455113
l0.5/isaac_legs_blind,above,0.155,1281,0.473849
l0.5/isaac_legs_blind,above,0.16,1281,0.480874
l0.5/isaac_legs_blind,above,0.165,1281,0.495706
l0.5/isaac_legs_blind,above,0.17,1281,0.515222
l0.5/isaac_legs_blind,above,0.175,1281,0.529274
l0.5/isaac_legs_blind,above,0.18,1281,0.535519
l0.5/isaac_legs_blind,above,0.185,1281,0.555035
l0.5/isaac_legs_blind,above,0.19,1281,0.566745
l0.5/isaac_legs_blind,above,0.195,1281,0.580016
l0.5/isaac_legs_blind,above,0.2,1281,0.594067
l0.5/mujoco,all,0.01,3168,0
l0.5/mujoco,all,0.015,3168,0
l0.5/mujoco,all,0.02,3168,0
l0.5/mujoco,all,0.025,3168,0
l0.5/mujoco,all,0.03,3168,0
l0.5/mujoco,all,0.035,3168,0.000631313
l0.5/mujoco,all,0.04,3168,0.0022096
l0.5/mujoco,all,0.045,3168,0.00410354
l0.5/mujoco,all,0.05,3168,0.00915404
l0.5/mujoco,all,0.055,3168,0.0173611
l0.5/mujoco,all,0.06,3168,0.0277778
l0.5/mujoco,all,0.065,3168,0.042298
l0.5/mujoco,all,0.07,3168,0.0568182
l0.5/mujoco,all,0.075,3168,0.0741793
l0.5/mujoco,all,0.08,3168,0.09375
l0.5/mujoco,all,0.085,3168,0.114268
l0.5/mujoco,all,0.09,3168,0.130997
l0.5/mujoco,all,0.095,3168,0.145202
l0.5/mujoco,all,0.1,3168,0.162247
l0.5/mujoco,all,0.105,3168,0.179924
l0.5/mujoco,all,0.11,3168,0.198548
l0.5/mujoco,all,0.115,3168,0.216225
l0.5/mujoco,all,0.12,3168,0.230745
l0.5/mujoco,all,0.125,3168,0.247475
l0.5/mujoco,all,0.13,3168,0.260101
l0.5/mujoco,all,0.135,3168,0.272096
l0.5/mujoco,all,0.14,3168,0.285038
l0.5/mujoco,all,0.145,3168,0.300505
l0.5/mujoco,all,0.15,3168,0.313763
l0.5/mujoco,all,0.155,3168,0.328598
l0.5/mujoco,all,0.16,3168,0.341856
l0.5/mujoco,all,0.165,3168,0.356376
l0.5/mujoco,all,0.17,3168,0.369949
l0.5/mujoco,all,0.175,3168,0.379419
l0.5/mujoco,all,0.18,3168,0.393624
l0.5/mujoco,all,0.185,3168,0.40846
l0.5/mujoco,all,0.19,3168,0.423611
l0.5/mujoco,all,0.195,3168,0.436237
l0.5/mujoco,all,0.2,3168,0.448548
l0.5/mujoco,below,0.01,1887,0
l0.5/mujoco,below,0.015,1887,0
l0.5/mujoco,below,0.02,1887,0
l0.5/mujoco,below,0.025,1887,0
l0.5/mujoco,below,0.03,1887,0
l0.5/mujoco,below,0.035,1887,0
l0.5/mujoco,below,0.04,1887,0.000529942
l0.5/mujoco,below,0.045,1887,0.000529942
l0.5/mujoco,below,0.05,1887,0.00211977
l0.5/mujoco,below,0.055,1887,0.00529942
l0.5/mujoco,below,0.06,1887,0.00900901
l0.5/mujoco,below,0.065,1887,0.0143084
l0.5/mujoco,below,0.07,1887,0.018018
l0.5/mujoco,below,0.075,1887,0.0254372
l0.5/mujoco,below,0.08,1887,0.0317965
l0.5/mujoco,below,0.085,1887,0.0397456
l0.5/mujoco,below,0.09,1887,0.0476948
l0.5/mujoco,below,0.095,1887,0.0503445
l0.5/mujoco,below,0.1,1887,0.0614732
l0.5/mujoco,below,0.105,1887,0.0699523
l0.5/mujoco,below,0.11,1887,0.0757817
l0.5/mujoco,below,0.115,1887,0.0853206
l0.5/mujoco,below,0.12,1887,0.0953895
l0.5/mujoco,below,0.125,1887,0.105458
l0.5/mujoco,below,0.13,1887,0.111818
l0.5/mujoco,below,0.135,1887,0.118707
l0.5/mujoco,below,0.14,1887,0.124536
l0.5/mujoco,below,0.145,1887,0.135135
l0.5/mujoco,below,0.15,1887,0.143084
l0.5/mujoco,below,0.155,1887,0.153153
l0.5/mujoco,below,0.16,1887,0.163752
l0.5/mujoco,below,0.165,1887,0.174351
l0.5/mujoco,below,0.17,1887,0.18548
l0.5/mujoco,below,0.175,1887,0.193429
l0.5/mujoco,below,0.18,1887,0.203498
l0.5/mujoco,below,0.185,1887,0.216746
l0.5/mujoco,below,0.19,1887,0.228935
l0.5/mujoco,below,0.195,1887,0.240594
l0.5/mujoco,below,0.2,1887,0.249073
l0.5/mujoco,above,0.01,1281,0
l0.5/mujoco,above,0.015,1281,0
l0.5/mujoco,above,0.02,1281,0
l0.5/mujoco,above,0.025,1281,0
l0.5/mujoco,above,0.03,1281,0
l0.5/mujoco,above,0.035,1281,0.00156128
l0.5/mujoco,above,0.04,1281,0.00468384
l0.5/mujoco,above,0.045,1281,0.00936768
l0.5/mujoco,above,0.05,1281,0.019516
l0.5/mujoco,above,0.055,1281,0.0351288
l0.5/mujoco,above,0.06,1281,0.0554254
l0.5/mujoco,above,0.065,1281,0.0835285
l0.5/mujoco,above,0.07,1281,0.113973
l0.5/mujoco,above,0.075,1281,0.14598
l0.5/mujoco,above,0.08,1281,0.185012
l0.5/mujoco,above,0.085,1281,0.224044
l0.5/mujoco,above,0.09,1281,0.253708
l0.5/mujoco,above,0.095,1281,0.284934
l0.5/mujoco,above,0.1,1281,0.310695
l0.5/mujoco,above,0.105,1281,0.34192
l0.5/mujoco,above,0.11,1281,0.379391
l0.5/mujoco,above,0.115,1281,0.409055
l0.5/mujoco,above,0.12,1281,0.430133
l0.5/mujoco,above,0.125,1281,0.456674
l0.5/mujoco,above,0.13,1281,0.478532
l0.5/mujoco,above,0.135,1281,0.498048
l0.5/mujoco,above,0.14,1281,0.521468
l0.5/mujoco,above,0.145,1281,0.544106
l0.5/mujoco,above,0.15,1281,0.565183
l0.5/mujoco,above,0.155,1281,0.587041
l0.5/mujoco,above,0.16,1281,0.604215
l0.5/mujoco,above,0.165,1281,0.624512
l0.5/mujoco,above,0.17,1281,0.641686
l0.5/mujoco,above,0.175,1281,0.653396
l0.5/mujoco,above,0.18,1281,0.673692
l0.5/mujoco,above,0.185,1281,0.690867
l0.5/mujoco,above,0.19,1281,0.710383
l0.5/mujoco,above,0.195,1281,0.724434
l0.5/mujoco,above,0.2,1281,0.742389
l0.5/mujoco_legs_blind,all,0.01,400,0
l0.5/mujoco_legs_blind,all,0.015,400,0
l0.5/mujoco_legs_blind,all,0.02,400,0
l0.5/mujoco_legs_blind,all,0.025,400,0
l0.5/mujoco_legs_blind,all,0.03,400,0
l0.5/mujoco_legs_blind,all,0.035,400,0
l0.5/mujoco_legs_blind,all,0.04,400,0
l0.5/mujoco_legs_blind,all,0.045,400,0
l0.5/mujoco_legs_blind,all,0.05,400,0
l0.5/mujoco_legs_blind,all,0.055,400,0
l0.5/mujoco_legs_blind,all,0.06,400,0.0025
l0.5/mujoco_legs_blind,all,0.065,400,0.01
l0.5/mujoco_legs_blind,all,0.07,400,0.0125
l0.5/mujoco_legs_blind,all,0.075,400,0.015
l0.5/mujoco_legs_blind,all,0.08,400,0.0175
l0.5/mujoco_legs_blind,all,0.085,400,0.0175
l0.5/mujoco_legs_blind,all,0.09,400,0.02
l0.5/mujoco_legs_blind,all,0.095,400,0.03
l0.5/mujoco_legs_blind,all,0.1,400,0.035
l0.5/mujoco_legs_blind,all,0.105,400,0.0425
l0.5/mujoco_legs_blind,all,0.11,400,0.0425
l0.5/mujoco_legs_blind,all,0.115,400,0.0525
l0.5/mujoco_legs_blind,all,0.12,400,0.065
l0.5/mujoco_legs_blind,all,0.125,400,0.075
l0.5/mujoco_legs_blind,all,0.13,400,0.0825
l0.5/mujoco_legs_blind,all,0.135,400,0.0875
l0.5/mujoco_legs_blind,all,0.14,400,0.0875
l0.5/mujoco_legs_blind,all,0.145,400,0.095
l0.5/mujoco_legs_blind,all,0.15,400,0.1025
l0.5/mujoco_legs_blind,all,0.155,400,0.115
l0.5/mujoco_legs_blind,all,0.16,400,0.1175
l0.5/mujoco_legs_blind,all,0.165,400,0.1325
l0.5/mujoco_legs_blind,all,0.17,400,0.1375
l0.5/mujoco_legs_blind,all,0.175,400,0.14
l0.5/mujoco_legs_blind,all,0.18,400,0.145
l0.5/mujoco_legs_blind,all,0.185,400,0.1525
l0.5/mujoco_legs_blind,all,0.19,400,0.1675
l0.5/mujoco_legs_blind,all,0.195,400,0.1775
l0.5/mujoco_legs_blind,all,0.2,400,0.195
l0.5/mujoco_legs_blind,below,0.01,232,0
l0.5/mujoco_legs_blind,below,0.015,232,0
l0.5/mujoco_legs_blind,below,0.02,232,0
l0.5/mujoco_legs_blind,below,0.025,232,0
l0.5/mujoco_legs_blind,below,0.03,232,0
l0.5/mujoco_legs_blind,below,0.035,232,0
l0.5/mujoco_legs_blind,below,0.04,232,0
l0.5/mujoco_legs_blind,below,0.045,232,0
l0.5/mujoco_legs_blind,below,0.05,232,0
l0.5/mujoco_legs_blind,below,0.055,232,0
l0.5/mujoco_legs_blind,below,0.06,232,0
l0.5/mujoco_legs_blind,below,0.065,232,0
l0.5/mujoco_legs_blind,below,0.07,232,0
l0.5/mujoco_legs_blind,below,0.075,232,0
l0.5/mujoco_legs_blind,below,0.08,232,0
l0.5/mujoco_legs_blind,below,0.085,232,0
l0.5/mujoco_legs_blind,below,0.09,232,0
l0.5/mujoco_legs_blind,below,0.095,232,0
l0.5/mujoco_legs_blind,below,0.1,232,0
l0.5/mujoco_legs_blind,below,0.105,232,0
l0.5/mujoco_legs_blind,below,0.11,232,0
l0.5/mujoco_legs_blind,below,0.115,232,0
l0.5/mujoco_legs_blind,below,0.12,232,0.00431034
l0.5/mujoco_legs_blind,below,0.125,232,0.00862069
l0.5/mujoco_legs_blind,below,0.13,232,0.00862069
l0.5/mujoco_legs_blind,below,0.135,232,0.00862069
l0.5/mujoco_legs_blind,below,0.14,232,0.00862069
l0.5/mujoco_legs_blind,below,0.145,232,0.012931
l0.5/mujoco_legs_blind,below,0.15,232,0.0172414
l0.5/mujoco_legs_blind,below,0.155,232,0.0215517
l0.5/mujoco_legs_blind,below,0.16,232,0.0215517
l0.5/mujoco_legs_blind,below,0.165,232,0.0301724
l0.5/mujoco_legs_blind,below,0.17,232,0.0301724
l0.5/mujoco_legs_blind,below,0.175,232,0.0301724
l0.5/mujoco_legs_blind,below,0.18,232,0.0344828
l0.5/mujoco_legs_blind,below,0.185,232,0.0344828
l0.5/mujoco_legs_blind,below,0.19,232,0.0344828
l0.5/mujoco_legs_blind,below,0.195,232,0.0431034
l0.5/mujoco_legs_blind,below,0.2,232,0.0517241
l0.5/mujoco_legs_blind,above,0.01,168,0
l0.5/mujoco_legs_blind,above,0.015,168,0
l0.5/mujoco_legs_blind,above,0.02,168,0
l0.5/mujoco_legs_blind,above,0.025,168,0
l0.5/mujoco_legs_blind,above,0.03,168,0
l0.5/mujoco_legs_blind,above,0.035,168,0
l0.5/mujoco_legs_blind,above,0.04,168,0
l0.5/mujoco_legs_blind,above,0.045,168,0
l0.5/mujoco_legs_blind,above,0.05,168,0
l0.5/mujoco_legs_blind,above,0.055,168,0
l0.5/mujoco_legs_blind,above,0.06,168,0.00595238
l0.5/mujoco_legs_blind,above,0.065,168,0.0238095
l0.5/mujoco_legs_blind,above,0.07,168,0.0297619
l0.5/mujoco_legs_blind,above,0.075,168,0.0357143
l0.5/mujoco_legs_blind,above,0.08,168,0.0416667
l0.5/mujoco_legs_blind,above,0.085,168,0.0416667
l0.5/mujoco_legs_blind,above,0.09,168,0.047619
l0.5/mujoco_legs_blind,above,0.095,168,0.0714286
l0.5/mujoco_legs_blind,above,0.1,168,0.0833333
l0.5/mujoco_legs_blind,above,0.105,168,0.10119
l0.5/mujoco_legs_blind,above,0.11,168,0.10119
l0.5/mujoco_legs_blind,above,0.115,168,0.125
l0.5/mujoco_legs_blind,above,0.12,168,0.14881
l0.5/mujoco_legs_blind,above,0.125,168,0.166667
l0.5/mujoco_legs_blind,above,0.13,168,0.184524
l0.5/mujoco_legs_blind,above,0.135,168,0.196429
l0.5/mujoco_legs_blind,above,0.14,168,0.196429
l0.5/mujoco_legs_blind,above,0.145,168,0.208333
l0.5/mujoco_legs_blind,above,0.15,168,0.220238
l0.5/mujoco_legs_blind,above,0.155,168,0.244048
l0.5/mujoco_legs_blind,above,0.16,168,0.25
l0.5/mujoco_legs_blind,above,0.165,168,0.27381
l0.5/mujoco_legs_blind,above,0.17,168,0.285714
l0.5/mujoco_legs_blind,above,0.175,168,0.291667
l0.5/mujoco_legs_blind,above,0.18,168,0.297619
l0.5/mujoco_legs_blind,above,0.185,168,0.315476
l0.5/mujoco_legs_blind,above,0.19,168,0.35119
l0.5/mujoco_legs_blind,above,0.195,168,0.363095
l0.5/mujoco_legs_blind,above,0.2,168,0.392857
l0.5_52k/isaac,all,0.01,3168,0
l0.5_52k/isaac,all,0.015,3168,0
l0.5_52k/isaac,all,0.02,3168,0
l0.5_52k/isaac,all,0.025,3168,0.00126263
l0.5_52k/isaac,all,0.03,3168,0.00473485
l0.5_52k/isaac,all,0.035,3168,0.0104167
l0.5_52k/isaac,all,0.04,3168,0.0227273
l0.5_52k/isaac,all,0.045,3168,0.0419823
l0.5_52k/isaac,all,0.05,3168,0.0577652
l0.5_52k/isaac,all,0.055,3168,0.0814394
l0.5_52k/isaac,all,0.06,3168,0.106692
l0.5_52k/isaac,all,0.065,3168,0.126578
l0.5_52k/isaac,all,0.07,3168,0.152778
l0.5_52k/isaac,all,0.075,3168,0.172348
l0.5_52k/isaac,all,0.08,3168,0.1875
l0.5_52k/isaac,all,0.085,3168,0.203598
l0.5_52k/isaac,all,0.09,3168,0.220013
l0.5_52k/isaac,all,0.095,3168,0.238952
l0.5_52k/isaac,all,0.1,3168,0.255682
l0.5_52k/isaac,all,0.105,3168,0.273674
l0.5_52k/isaac,all,0.11,3168,0.286301
l0.5_52k/isaac,all,0.115,3168,0.299558
l0.5_52k/isaac,all,0.12,3168,0.315657
l0.5_52k/isaac,all,0.125,3168,0.325758
l0.5_52k/isaac,all,0.13,3168,0.337437
l0.5_52k/isaac,all,0.135,3168,0.352273
l0.5_52k/isaac,all,0.14,3168,0.366162
l0.5_52k/isaac,all,0.145,3168,0.382576
l0.5_52k/isaac,all,0.15,3168,0.397412
l0.5_52k/isaac,all,0.155,3168,0.408144
l0.5_52k/isaac,all,0.16,3168,0.422348
l0.5_52k/isaac,all,0.165,3168,0.435922
l0.5_52k/isaac,all,0.17,3168,0.446023
l0.5_52k/isaac,all,0.175,3168,0.457702
l0.5_52k/isaac,all,0.18,3168,0.468434
l0.5_52k/isaac,all,0.185,3168,0.482323
l0.5_52k/isaac,all,0.19,3168,0.495265
l0.5_52k/isaac,all,0.195,3168,0.504735
l0.5_52k/isaac,all,0.2,3168,0.517361
l0.5_52k/isaac,below,0.01,1887,0
l0.5_52k/isaac,below,0.015,1887,0
l0.5_52k/isaac,below,0.02,1887,0
l0.5_52k/isaac,below,0.025,1887,0
l0.5_52k/isaac,below,0.03,1887,0
l0.5_52k/isaac,below,0.035,1887,0
l0.5_52k/isaac,below,0.04,1887,0.00158983
l0.5_52k/isaac,below,0.045,1887,0.00423953
l0.5_52k/isaac,below,0.05,1887,0.00847907
l0.5_52k/isaac,below,0.055,1887,0.0148384
l0.5_52k/isaac,below,0.06,1887,0.0201378
l0.5_52k/isaac,below,0.065,1887,0.0259671
l0.5_52k/isaac,below,0.07,1887,0.0307366
l0.5_52k/isaac,below,0.075,1887,0.0397456
l0.5_52k/isaac,below,0.08,1887,0.0434552
l0.5_52k/isaac,below,0.085,1887,0.0487546
l0.5_52k/isaac,below,0.09,1887,0.0561738
l0.5_52k/isaac,below,0.095,1887,0.063593
l0.5_52k/isaac,below,0.1,1887,0.0704822
l0.5_52k/isaac,below,0.105,1887,0.0800212
l0.5_52k/isaac,below,0.11,1887,0.0890302
l0.5_52k/isaac,below,0.115,1887,0.0990991
l0.5_52k/isaac,below,0.12,1887,0.110758
l0.5_52k/isaac,below,0.125,1887,0.114997
l0.5_52k/isaac,below,0.13,1887,0.120827
l0.5_52k/isaac,below,0.135,1887,0.130896
l0.5_52k/isaac,below,0.14,1887,0.142554
l0.5_52k/isaac,below,0.145,1887,0.150503
l0.5_52k/isaac,below,0.15,1887,0.158983
l0.5_52k/isaac,below,0.155,1887,0.166932
l0.5_52k/isaac,below,0.16,1887,0.17912
l0.5_52k/isaac,below,0.165,1887,0.192369
l0.5_52k/isaac,below,0.17,1887,0.202438
l0.5_52k/isaac,below,0.175,1887,0.210387
l0.5_52k/isaac,below,0.18,1887,0.220986
l0.5_52k/isaac,below,0.185,1887,0.232644
l0.5_52k/isaac,below,0.19,1887,0.245893
l0.5_52k/isaac,below,0.195,1887,0.257552
l0.5_52k/isaac,below,0.2,1887,0.268151
l0.5_52k/isaac,above,0.01,1281,0
l0.5_52k/isaac,above,0.015,1281,0
l0.5_52k/isaac,above,0.02,1281,0
l0.5_52k/isaac,above,0.025,1281,0.00312256
l0.5_52k/isaac,above,0.03,1281,0.0117096
l0.5_52k/isaac,above,0.035,1281,0.0257611
l0.5_52k/isaac,above,0.04,1281,0.0538642
l0.5_52k/isaac,above,0.045,1281,0.09758
l0.5_52k/isaac,above,0.05,1281,0.130367
l0.5_52k/isaac,above,0.055,1281,0.179547
l0.5_52k/isaac,above,0.06,1281,0.234192
l0.5_52k/isaac,above,0.065,1281,0.274785
l0.5_52k/isaac,above,0.07,1281,0.332553
l0.5_52k/isaac,above,0.075,1281,0.367681
l0.5_52k/isaac,above,0.08,1281,0.399688
l0.5_52k/isaac,above,0.085,1281,0.431694
l0.5_52k/isaac,above,0.09,1281,0.461358
l0.5_52k/isaac,above,0.095,1281,0.497268
l0.5_52k/isaac,above,0.1,1281,0.528493
l0.5_52k/isaac,above,0.105,1281,0.558938
l0.5_52k/isaac,above,0.11,1281,0.576893
l0.5_52k/isaac,above,0.115,1281,0.594848
l0.5_52k/isaac,above,0.12,1281,0.617486
l0.5_52k/isaac,above,0.125,1281,0.636222
l0.5_52k/isaac,above,0.13,1281,0.656518
l0.5_52k/isaac,above,0.135,1281,0.678376
l0.5_52k/isaac,above,0.14,1281,0.69555
l0.5_52k/isaac,above,0.145,1281,0.724434
l0.5_52k/isaac,above,0.15,1281,0.748634
l0.5_52k/isaac,above,0.155,1281,0.763466
l0.5_52k/isaac,above,0.16,1281,0.78064
l0.5_52k/isaac,above,0.165,1281,0.794692
l0.5_52k/isaac,above,0.17,1281,0.80484
l0.5_52k/isaac,above,0.175,1281,0.822014
l0.5_52k/isaac,above,0.18,1281,0.832943
l0.5_52k/isaac,above,0.185,1281,0.850117
l0.5_52k/isaac,above,0.19,1281,0.862607
l0.5_52k/isaac,above,0.195,1281,0.868852
l0.5_52k/isaac,above,0.2,1281,0.884465
l0.5_52k/mujoco,all,0.01,3168,0
l0.5_52k/mujoco,all,0.015,3168,0
l0.5_52k/mujoco,all,0.02,3168,0
l0.5_52k/mujoco,all,0.025,3168,0
l0.5_52k/mujoco,all,0.03,3168,0
l0.5_52k/mujoco,all,0.035,3168,0
l0.5_52k/mujoco,all,0.04,3168,0.000315657
l0.5_52k/mujoco,all,0.045,3168,0.000631313
l0.5_52k/mujoco,all,0.05,3168,0.00126263
l0.5_52k/mujoco,all,0.055,3168,0.00189394
l0.5_52k/mujoco,all,0.06,3168,0.00378788
l0.5_52k/mujoco,all,0.065,3168,0.0072601
l0.5_52k/mujoco,all,0.07,3168,0.0135732
l0.5_52k/mujoco,all,0.075,3168,0.0189394
l0.5_52k/mujoco,all,0.08,3168,0.0249369
l0.5_52k/mujoco,all,0.085,3168,0.032197
l0.5_52k/mujoco,all,0.09,3168,0.040404
l0.5_52k/mujoco,all,0.095,3168,0.052399
l0.5_52k/mujoco,all,0.1,3168,0.0650253
l0.5_52k/mujoco,all,0.105,3168,0.0823864
l0.5_52k/mujoco,all,0.11,3168,0.10322
l0.5_52k/mujoco,all,0.115,3168,0.116162
l0.5_52k/mujoco,all,0.12,3168,0.130682
l0.5_52k/mujoco,all,0.125,3168,0.147096
l0.5_52k/mujoco,all,0.13,3168,0.161932
l0.5_52k/mujoco,all,0.135,3168,0.17298
l0.5_52k/mujoco,all,0.14,3168,0.184975
l0.5_52k/mujoco,all,0.145,3168,0.198548
l0.5_52k/mujoco,all,0.15,3168,0.209912
l0.5_52k/mujoco,all,0.155,3168,0.227904
l0.5_52k/mujoco,all,0.16,3168,0.243371
l0.5_52k/mujoco,all,0.165,3168,0.262311
l0.5_52k/mujoco,all,0.17,3168,0.275884
l0.5_52k/mujoco,all,0.175,3168,0.290088
l0.5_52k/mujoco,all,0.18,3168,0.301452
l0.5_52k/mujoco,all,0.185,3168,0.316604
l0.5_52k/mujoco,all,0.19,3168,0.332702
l0.5_52k/mujoco,all,0.195,3168,0.349116
l0.5_52k/mujoco,all,0.2,3168,0.363005
l0.5_52k/mujoco,below,0.01,1887,0
l0.5_52k/mujoco,below,0.015,1887,0
l0.5_52k/mujoco,below,0.02,1887,0
l0.5_52k/mujoco,below,0.025,1887,0
l0.5_52k/mujoco,below,0.03,1887,0
l0.5_52k/mujoco,below,0.035,1887,0
l0.5_52k/mujoco,below,0.04,1887,0
l0.5_52k/mujoco,below,0.045,1887,0
l0.5_52k/mujoco,below,0.05,1887,0
l0.5_52k/mujoco,below,0.055,1887,0
l0.5_52k/mujoco,below,0.06,1887,0
l0.5_52k/mujoco,below,0.065,1887,0.000529942
l0.5_52k/mujoco,below,0.07,1887,0.00105988
l0.5_52k/mujoco,below,0.075,1887,0.00317965
l0.5_52k/mujoco,below,0.08,1887,0.0063593
l0.5_52k/mujoco,below,0.085,1887,0.0116587
l0.5_52k/mujoco,below,0.09,1887,0.0143084
l0.5_52k/mujoco,below,0.095,1887,0.0174881
l0.5_52k/mujoco,below,0.1,1887,0.0201378
l0.5_52k/mujoco,below,0.105,1887,0.0222576
l0.5_52k/mujoco,below,0.11,1887,0.0296767
l0.5_52k/mujoco,below,0.115,1887,0.0333863
l0.5_52k/mujoco,below,0.12,1887,0.0381558
l0.5_52k/mujoco,below,0.125,1887,0.0466349
l0.5_52k/mujoco,below,0.13,1887,0.0524642
l0.5_52k/mujoco,below,0.135,1887,0.0582936
l0.5_52k/mujoco,below,0.14,1887,0.0625331
l0.5_52k/mujoco,below,0.145,1887,0.0683625
l0.5_52k/mujoco,below,0.15,1887,0.0741918
l0.5_52k/mujoco,below,0.155,1887,0.0826709
l0.5_52k/mujoco,below,0.16,1887,0.0922099
l0.5_52k/mujoco,below,0.165,1887,0.105458
l0.5_52k/mujoco,below,0.17,1887,0.112348
l0.5_52k/mujoco,below,0.175,1887,0.119767
l0.5_52k/mujoco,below,0.18,1887,0.124536
l0.5_52k/mujoco,below,0.185,1887,0.131955
l0.5_52k/mujoco,below,0.19,1887,0.144674
l0.5_52k/mujoco,below,0.195,1887,0.151563
l0.5_52k/mujoco,below,0.2,1887,0.160572
l0.5_52k/mujoco,above,0.01,1281,0
l0.5_52k/mujoco,above,0.015,1281,0
l0.5_52k/mujoco,above,0.02,1281,0
l0.5_52k/mujoco,above,0.025,1281,0
l0.5_52k/mujoco,above,0.03,1281,0
l0.5_52k/mujoco,above,0.035,1281,0
l0.5_52k/mujoco,above,0.04,1281,0.00078064
l0.5_52k/mujoco,above,0.045,1281,0.00156128
l0.5_52k/mujoco,above,0.05,1281,0.00312256
l0.5_52k/mujoco,above,0.055,1281,0.00468384
l0.5_52k/mujoco,above,0.06,1281,0.00936768
l0.5_52k/mujoco,above,0.065,1281,0.0171741
l0.5_52k/mujoco,above,0.07,1281,0.0320062
l0.5_52k/mujoco,above,0.075,1281,0.0421546
l0.5_52k/mujoco,above,0.08,1281,0.0523029
l0.5_52k/mujoco,above,0.085,1281,0.0624512
l0.5_52k/mujoco,above,0.09,1281,0.0788447
l0.5_52k/mujoco,above,0.095,1281,0.103825
l0.5_52k/mujoco,above,0.1,1281,0.131148
l0.5_52k/mujoco,above,0.105,1281,0.17096
l0.5_52k/mujoco,above,0.11,1281,0.211553
l0.5_52k/mujoco,above,0.115,1281,0.238095
l0.5_52k/mujoco,above,0.12,1281,0.266979
l0.5_52k/mujoco,above,0.125,1281,0.295082
l0.5_52k/mujoco,above,0.13,1281,0.323185
l0.5_52k/mujoco,above,0.135,1281,0.34192
l0.5_52k/mujoco,above,0.14,1281,0.36534
l0.5_52k/mujoco,above,0.145,1281,0.39032
l0.5_52k/mujoco,above,0.15,1281,0.409836
l0.5_52k/mujoco,above,0.155,1281,0.441842
l0.5_52k/mujoco,above,0.16,1281,0.466042
l0.5_52k/mujoco,above,0.165,1281,0.493365
l0.5_52k/mujoco,above,0.17,1281,0.516784
l0.5_52k/mujoco,above,0.175,1281,0.540984
l0.5_52k/mujoco,above,0.18,1281,0.562061
l0.5_52k/mujoco,above,0.185,1281,0.588603
l0.5_52k/mujoco,above,0.19,1281,0.60968
l0.5_52k/mujoco,above,0.195,1281,0.640125
l0.5_52k/mujoco,above,0.2,1281,0.661202
l0.5_52k/mujoco_isaacphys,all,0.01,3168,0
l0.5_52k/mujoco_isaacphys,all,0.015,3168,0
l0.5_52k/mujoco_isaacphys,all,0.02,3168,0
l0.5_52k/mujoco_isaacphys,all,0.025,3168,0
l0.5_52k/mujoco_isaacphys,all,0.03,3168,0
l0.5_52k/mujoco_isaacphys,all,0.035,3168,0
l0.5_52k/mujoco_isaacphys,all,0.04,3168,0.000315657
l0.5_52k/mujoco_isaacphys,all,0.045,3168,0.00315657
l0.5_52k/mujoco_isaacphys,all,0.05,3168,0.00694444
l0.5_52k/mujoco_isaacphys,all,0.055,3168,0.010101
l0.5_52k/mujoco_isaacphys,all,0.06,3168,0.0167298
l0.5_52k/mujoco_isaacphys,all,0.065,3168,0.0255682
l0.5_52k/mujoco_isaacphys,all,0.07,3168,0.0356692
l0.5_52k/mujoco_isaacphys,all,0.075,3168,0.0527146
l0.5_52k/mujoco_isaacphys,all,0.08,3168,0.0697601
l0.5_52k/mujoco_isaacphys,all,0.085,3168,0.0899621
l0.5_52k/mujoco_isaacphys,all,0.09,3168,0.106376
l0.5_52k/mujoco_isaacphys,all,0.095,3168,0.126578
l0.5_52k/mujoco_isaacphys,all,0.1,3168,0.147727
l0.5_52k/mujoco_isaacphys,all,0.105,3168,0.169508
l0.5_52k/mujoco_isaacphys,all,0.11,3168,0.192235
l0.5_52k/mujoco_isaacphys,all,0.115,3168,0.213699
l0.5_52k/mujoco_isaacphys,all,0.12,3168,0.234217
l0.5_52k/mujoco_isaacphys,all,0.125,3168,0.251894
l0.5_52k/mujoco_isaacphys,all,0.13,3168,0.267677
l0.5_52k/mujoco_isaacphys,all,0.135,3168,0.27904
l0.5_52k/mujoco_isaacphys,all,0.14,3168,0.293561
l0.5_52k/mujoco_isaacphys,all,0.145,3168,0.310922
l0.5_52k/mujoco_isaacphys,all,0.15,3168,0.326705
l0.5_52k/mujoco_isaacphys,all,0.155,3168,0.34375
l0.5_52k/mujoco_isaacphys,all,0.16,3168,0.358586
l0.5_52k/mujoco_isaacphys,all,0.165,3168,0.375631
l0.5_52k/mujoco_isaacphys,all,0.17,3168,0.391098
l0.5_52k/mujoco_isaacphys,all,0.175,3168,0.401831
l0.5_52k/mujoco_isaacphys,all,0.18,3168,0.415088
l0.5_52k/mujoco_isaacphys,all,0.185,3168,0.42803
l0.5_52k/mujoco_isaacphys,all,0.19,3168,0.43971
l0.5_52k/mujoco_isaacphys,all,0.195,3168,0.451705
l0.5_52k/mujoco_isaacphys,all,0.2,3168,0.462753
l0.5_52k/mujoco_isaacphys,below,0.01,1887,0
l0.5_52k/mujoco_isaacphys,below,0.015,1887,0
l0.5_52k/mujoco_isaacphys,below,0.02,1887,0
l0.5_52k/mujoco_isaacphys,below,0.025,1887,0
l0.5_52k/mujoco_isaacphys,below,0.03,1887,0
l0.5_52k/mujoco_isaacphys,below,0.035,1887,0
l0.5_52k/mujoco_isaacphys,below,0.04,1887,0
l0.5_52k/mujoco_isaacphys,below,0.045,1887,0
l0.5_52k/mujoco_isaacphys,below,0.05,1887,0
l0.5_52k/mujoco_isaacphys,below,0.055,1887,0
l0.5_52k/mujoco_isaacphys,below,0.06,1887,0.00158983
l0.5_52k/mujoco_isaacphys,below,0.065,1887,0.00370959
l0.5_52k/mujoco_isaacphys,below,0.07,1887,0.00582936
l0.5_52k/mujoco_isaacphys,below,0.075,1887,0.00741918
l0.5_52k/mujoco_isaacphys,below,0.08,1887,0.0100689
l0.5_52k/mujoco_isaacphys,below,0.085,1887,0.0143084
l0.5_52k/mujoco_isaacphys,below,0.09,1887,0.0201378
l0.5_52k/mujoco_isaacphys,below,0.095,1887,0.0264971
l0.5_52k/mujoco_isaacphys,below,0.1,1887,0.0333863
l0.5_52k/mujoco_isaacphys,below,0.105,1887,0.0392157
l0.5_52k/mujoco_isaacphys,below,0.11,1887,0.0508744
l0.5_52k/mujoco_isaacphys,below,0.115,1887,0.0588235
l0.5_52k/mujoco_isaacphys,below,0.12,1887,0.0662427
l0.5_52k/mujoco_isaacphys,below,0.125,1887,0.0720721
l0.5_52k/mujoco_isaacphys,below,0.13,1887,0.0832008
l0.5_52k/mujoco_isaacphys,below,0.135,1887,0.0890302
l0.5_52k/mujoco_isaacphys,below,0.14,1887,0.0927398
l0.5_52k/mujoco_isaacphys,below,0.145,1887,0.106518
l0.5_52k/mujoco_isaacphys,below,0.15,1887,0.118177
l0.5_52k/mujoco_isaacphys,below,0.155,1887,0.129306
l0.5_52k/mujoco_isaacphys,below,0.16,1887,0.136725
l0.5_52k/mujoco_isaacphys,below,0.165,1887,0.148914
l0.5_52k/mujoco_isaacphys,below,0.17,1887,0.161632
l0.5_52k/mujoco_isaacphys,below,0.175,1887,0.169051
l0.5_52k/mujoco_isaacphys,below,0.18,1887,0.17806
l0.5_52k/mujoco_isaacphys,below,0.185,1887,0.187069
l0.5_52k/mujoco_isaacphys,below,0.19,1887,0.195019
l0.5_52k/mujoco_isaacphys,below,0.195,1887,0.202438
l0.5_52k/mujoco_isaacphys,below,0.2,1887,0.211977
l0.5_52k/mujoco_isaacphys,above,0.01,1281,0
l0.5_52k/mujoco_isaacphys,above,0.015,1281,0
l0.5_52k/mujoco_isaacphys,above,0.02,1281,0
l0.5_52k/mujoco_isaacphys,above,0.025,1281,0
l0.5_52k/mujoco_isaacphys,above,0.03,1281,0
l0.5_52k/mujoco_isaacphys,above,0.035,1281,0
l0.5_52k/mujoco_isaacphys,above,0.04,1281,0.00078064
l0.5_52k/mujoco_isaacphys,above,0.045,1281,0.0078064
l0.5_52k/mujoco_isaacphys,above,0.05,1281,0.0171741
l0.5_52k/mujoco_isaacphys,above,0.055,1281,0.0249805
l0.5_52k/mujoco_isaacphys,above,0.06,1281,0.039032
l0.5_52k/mujoco_isaacphys,above,0.065,1281,0.0577674
l0.5_52k/mujoco_isaacphys,above,0.07,1281,0.0796253
l0.5_52k/mujoco_isaacphys,above,0.075,1281,0.119438
l0.5_52k/mujoco_isaacphys,above,0.08,1281,0.157689
l0.5_52k/mujoco_isaacphys,above,0.085,1281,0.201405
l0.5_52k/mujoco_isaacphys,above,0.09,1281,0.233411
l0.5_52k/mujoco_isaacphys,above,0.095,1281,0.274005
l0.5_52k/mujoco_isaacphys,above,0.1,1281,0.316159
l0.5_52k/mujoco_isaacphys,above,0.105,1281,0.361436
l0.5_52k/mujoco_isaacphys,above,0.11,1281,0.400468
l0.5_52k/mujoco_isaacphys,above,0.115,1281,0.441842
l0.5_52k/mujoco_isaacphys,above,0.12,1281,0.481655
l0.5_52k/mujoco_isaacphys,above,0.125,1281,0.516784
l0.5_52k/mujoco_isaacphys,above,0.13,1281,0.539422
l0.5_52k/mujoco_isaacphys,above,0.135,1281,0.558938
l0.5_52k/mujoco_isaacphys,above,0.14,1281,0.589383
l0.5_52k/mujoco_isaacphys,above,0.145,1281,0.612022
l0.5_52k/mujoco_isaacphys,above,0.15,1281,0.63388
l0.5_52k/mujoco_isaacphys,above,0.155,1281,0.659641
l0.5_52k/mujoco_isaacphys,above,0.16,1281,0.685402
l0.5_52k/mujoco_isaacphys,above,0.165,1281,0.709602
l0.5_52k/mujoco_isaacphys,above,0.17,1281,0.729118
l0.5_52k/mujoco_isaacphys,above,0.175,1281,0.744731
l0.5_52k/mujoco_isaacphys,above,0.18,1281,0.764247
l0.5_52k/mujoco_isaacphys,above,0.185,1281,0.782982
l0.5_52k/mujoco_isaacphys,above,0.19,1281,0.800156
l0.5_52k/mujoco_isaacphys,above,0.195,1281,0.818891
l0.5_52k/mujoco_isaacphys,above,0.2,1281,0.832162
l0.5_52k/mujoco_isaacphys_trueodom,all,0.01,3168,0
l0.5_52k/mujoco_isaacphys_trueodom,all,0.015,3168,0
l0.5_52k/mujoco_isaacphys_trueodom,all,0.02,3168,0.000315657
l0.5_52k/mujoco_isaacphys_trueodom,all,0.025,3168,0.00094697
l0.5_52k/mujoco_isaacphys_trueodom,all,0.03,3168,0.00505051
l0.5_52k/mujoco_isaacphys_trueodom,all,0.035,3168,0.021149
l0.5_52k/mujoco_isaacphys_trueodom,all,0.04,3168,0.0385101
l0.5_52k/mujoco_isaacphys_trueodom,all,0.045,3168,0.0590278
l0.5_52k/mujoco_isaacphys_trueodom,all,0.05,3168,0.0785985
l0.5_52k/mujoco_isaacphys_trueodom,all,0.055,3168,0.100379
l0.5_52k/mujoco_isaacphys_trueodom,all,0.06,3168,0.119003
l0.5_52k/mujoco_isaacphys_trueodom,all,0.065,3168,0.136364
l0.5_52k/mujoco_isaacphys_trueodom,all,0.07,3168,0.149306
l0.5_52k/mujoco_isaacphys_trueodom,all,0.075,3168,0.17077
l0.5_52k/mujoco_isaacphys_trueodom,all,0.08,3168,0.187816
l0.5_52k/mujoco_isaacphys_trueodom,all,0.085,3168,0.205808
l0.5_52k/mujoco_isaacphys_trueodom,all,0.09,3168,0.222854
l0.5_52k/mujoco_isaacphys_trueodom,all,0.095,3168,0.235795
l0.5_52k/mujoco_isaacphys_trueodom,all,0.1,3168,0.248422
l0.5_52k/mujoco_isaacphys_trueodom,all,0.105,3168,0.263889
l0.5_52k/mujoco_isaacphys_trueodom,all,0.11,3168,0.274937
l0.5_52k/mujoco_isaacphys_trueodom,all,0.115,3168,0.285354
l0.5_52k/mujoco_isaacphys_trueodom,all,0.12,3168,0.29577
l0.5_52k/mujoco_isaacphys_trueodom,all,0.125,3168,0.306187
l0.5_52k/mujoco_isaacphys_trueodom,all,0.13,3168,0.320707
l0.5_52k/mujoco_isaacphys_trueodom,all,0.135,3168,0.332702
l0.5_52k/mujoco_isaacphys_trueodom,all,0.14,3168,0.347222
l0.5_52k/mujoco_isaacphys_trueodom,all,0.145,3168,0.361742
l0.5_52k/mujoco_isaacphys_trueodom,all,0.15,3168,0.376894
l0.5_52k/mujoco_isaacphys_trueodom,all,0.155,3168,0.388889
l0.5_52k/mujoco_isaacphys_trueodom,all,0.16,3168,0.401199
l0.5_52k/mujoco_isaacphys_trueodom,all,0.165,3168,0.413826
l0.5_52k/mujoco_isaacphys_trueodom,all,0.17,3168,0.426768
l0.5_52k/mujoco_isaacphys_trueodom,all,0.175,3168,0.4375
l0.5_52k/mujoco_isaacphys_trueodom,all,0.18,3168,0.450442
l0.5_52k/mujoco_isaacphys_trueodom,all,0.185,3168,0.461806
l0.5_52k/mujoco_isaacphys_trueodom,all,0.19,3168,0.471275
l0.5_52k/mujoco_isaacphys_trueodom,all,0.195,3168,0.482008
l0.5_52k/mujoco_isaacphys_trueodom,all,0.2,3168,0.493056
l0.5_52k/mujoco_isaacphys_trueodom,below,0.01,1887,0
l0.5_52k/mujoco_isaacphys_trueodom,below,0.015,1887,0
l0.5_52k/mujoco_isaacphys_trueodom,below,0.02,1887,0
l0.5_52k/mujoco_isaacphys_trueodom,below,0.025,1887,0
l0.5_52k/mujoco_isaacphys_trueodom,below,0.03,1887,0
l0.5_52k/mujoco_isaacphys_trueodom,below,0.035,1887,0.00158983
l0.5_52k/mujoco_isaacphys_trueodom,below,0.04,1887,0.00211977
l0.5_52k/mujoco_isaacphys_trueodom,below,0.045,1887,0.00529942
l0.5_52k/mujoco_isaacphys_trueodom,below,0.05,1887,0.00847907
l0.5_52k/mujoco_isaacphys_trueodom,below,0.055,1887,0.00953895
l0.5_52k/mujoco_isaacphys_trueodom,below,0.06,1887,0.0169581
l0.5_52k/mujoco_isaacphys_trueodom,below,0.065,1887,0.0227875
l0.5_52k/mujoco_isaacphys_trueodom,below,0.07,1887,0.0259671
l0.5_52k/mujoco_isaacphys_trueodom,below,0.075,1887,0.0339163
l0.5_52k/mujoco_isaacphys_trueodom,below,0.08,1887,0.0413355
l0.5_52k/mujoco_isaacphys_trueodom,below,0.085,1887,0.0503445
l0.5_52k/mujoco_isaacphys_trueodom,below,0.09,1887,0.0572337
l0.5_52k/mujoco_isaacphys_trueodom,below,0.095,1887,0.0598834
l0.5_52k/mujoco_isaacphys_trueodom,below,0.1,1887,0.0657128
l0.5_52k/mujoco_isaacphys_trueodom,below,0.105,1887,0.0752517
l0.5_52k/mujoco_isaacphys_trueodom,below,0.11,1887,0.0805511
l0.5_52k/mujoco_isaacphys_trueodom,below,0.115,1887,0.0858506
l0.5_52k/mujoco_isaacphys_trueodom,below,0.12,1887,0.0922099
l0.5_52k/mujoco_isaacphys_trueodom,below,0.125,1887,0.0980392
l0.5_52k/mujoco_isaacphys_trueodom,below,0.13,1887,0.107048
l0.5_52k/mujoco_isaacphys_trueodom,below,0.135,1887,0.114997
l0.5_52k/mujoco_isaacphys_trueodom,below,0.14,1887,0.121357
l0.5_52k/mujoco_isaacphys_trueodom,below,0.145,1887,0.133015
l0.5_52k/mujoco_isaacphys_trueodom,below,0.15,1887,0.145734
l0.5_52k/mujoco_isaacphys_trueodom,below,0.155,1887,0.155803
l0.5_52k/mujoco_isaacphys_trueodom,below,0.16,1887,0.164812
l0.5_52k/mujoco_isaacphys_trueodom,below,0.165,1887,0.174351
l0.5_52k/mujoco_isaacphys_trueodom,below,0.17,1887,0.1823
l0.5_52k/mujoco_isaacphys_trueodom,below,0.175,1887,0.191839
l0.5_52k/mujoco_isaacphys_trueodom,below,0.18,1887,0.199258
l0.5_52k/mujoco_isaacphys_trueodom,below,0.185,1887,0.208267
l0.5_52k/mujoco_isaacphys_trueodom,below,0.19,1887,0.215156
l0.5_52k/mujoco_isaacphys_trueodom,below,0.195,1887,0.224165
l0.5_52k/mujoco_isaacphys_trueodom,below,0.2,1887,0.231055
l0.5_52k/mujoco_isaacphys_trueodom,above,0.01,1281,0
l0.5_52k/mujoco_isaacphys_trueodom,above,0.015,1281,0
l0.5_52k/mujoco_isaacphys_trueodom,above,0.02,1281,0.00078064
l0.5_52k/mujoco_isaacphys_trueodom,above,0.025,1281,0.00234192
l0.5_52k/mujoco_isaacphys_trueodom,above,0.03,1281,0.0124902
l0.5_52k/mujoco_isaacphys_trueodom,above,0.035,1281,0.049961
l0.5_52k/mujoco_isaacphys_trueodom,above,0.04,1281,0.0921155
l0.5_52k/mujoco_isaacphys_trueodom,above,0.045,1281,0.138173
l0.5_52k/mujoco_isaacphys_trueodom,above,0.05,1281,0.181889
l0.5_52k/mujoco_isaacphys_trueodom,above,0.055,1281,0.234192
l0.5_52k/mujoco_isaacphys_trueodom,above,0.06,1281,0.269321
l0.5_52k/mujoco_isaacphys_trueodom,above,0.065,1281,0.303669
l0.5_52k/mujoco_isaacphys_trueodom,above,0.07,1281,0.330991
l0.5_52k/mujoco_isaacphys_trueodom,above,0.075,1281,0.372365
l0.5_52k/mujoco_isaacphys_trueodom,above,0.08,1281,0.403591
l0.5_52k/mujoco_isaacphys_trueodom,above,0.085,1281,0.434817
l0.5_52k/mujoco_isaacphys_trueodom,above,0.09,1281,0.466823
l0.5_52k/mujoco_isaacphys_trueodom,above,0.095,1281,0.494926
l0.5_52k/mujoco_isaacphys_trueodom,above,0.1,1281,0.517564
l0.5_52k/mujoco_isaacphys_trueodom,above,0.105,1281,0.541764
l0.5_52k/mujoco_isaacphys_trueodom,above,0.11,1281,0.56128
l0.5_52k/mujoco_isaacphys_trueodom,above,0.115,1281,0.579235
l0.5_52k/mujoco_isaacphys_trueodom,above,0.12,1281,0.595628
l0.5_52k/mujoco_isaacphys_trueodom,above,0.125,1281,0.612802
l0.5_52k/mujoco_isaacphys_trueodom,above,0.13,1281,0.635441
l0.5_52k/mujoco_isaacphys_trueodom,above,0.135,1281,0.653396
l0.5_52k/mujoco_isaacphys_trueodom,above,0.14,1281,0.679938
l0.5_52k/mujoco_isaacphys_trueodom,above,0.145,1281,0.698673
l0.5_52k/mujoco_isaacphys_trueodom,above,0.15,1281,0.717408
l0.5_52k/mujoco_isaacphys_trueodom,above,0.155,1281,0.73224
l0.5_52k/mujoco_isaacphys_trueodom,above,0.16,1281,0.749415
l0.5_52k/mujoco_isaacphys_trueodom,above,0.165,1281,0.766589
l0.5_52k/mujoco_isaacphys_trueodom,above,0.17,1281,0.786885
l0.5_52k/mujoco_isaacphys_trueodom,above,0.175,1281,0.799375
l0.5_52k/mujoco_isaacphys_trueodom,above,0.18,1281,0.820453
l0.5_52k/mujoco_isaacphys_trueodom,above,0.185,1281,0.835285
l0.5_52k/mujoco_isaacphys_trueodom,above,0.19,1281,0.848556
l0.5_52k/mujoco_isaacphys_trueodom,above,0.195,1281,0.861827
l0.5_52k/mujoco_isaacphys_trueodom,above,0.2,1281,0.879001
l0.5_52k/mujoco_legs_blind,all,0.01,3168,0
l0.5_52k/mujoco_legs_blind,all,0.015,3168,0
l0.5_52k/mujoco_legs_blind,all,0.02,3168,0
l0.5_52k/mujoco_legs_blind,all,0.025,3168,0
l0.5_52k/mujoco_legs_blind,all,0.03,3168,0
l0.5_52k/mujoco_legs_blind,all,0.035,3168,0
l0.5_52k/mujoco_legs_blind,all,0.04,3168,0.000631313
l0.5_52k/mujoco_legs_blind,all,0.045,3168,0.00126263
l0.5_52k/mujoco_legs_blind,all,0.05,3168,0.00252525
l0.5_52k/mujoco_legs_blind,all,0.055,3168,0.00315657
l0.5_52k/mujoco_legs_blind,all,0.06,3168,0.00410354
l0.5_52k/mujoco_legs_blind,all,0.065,3168,0.00536616
l0.5_52k/mujoco_legs_blind,all,0.07,3168,0.00757576
l0.5_52k/mujoco_legs_blind,all,0.075,3168,0.0107323
l0.5_52k/mujoco_legs_blind,all,0.08,3168,0.0154672
l0.5_52k/mujoco_legs_blind,all,0.085,3168,0.0205177
l0.5_52k/mujoco_legs_blind,all,0.09,3168,0.0236742
l0.5_52k/mujoco_legs_blind,all,0.095,3168,0.0277778
l0.5_52k/mujoco_legs_blind,all,0.1,3168,0.0353535
l0.5_52k/mujoco_legs_blind,all,0.105,3168,0.0410354
l0.5_52k/mujoco_legs_blind,all,0.11,3168,0.0486111
l0.5_52k/mujoco_legs_blind,all,0.115,3168,0.0565025
l0.5_52k/mujoco_legs_blind,all,0.12,3168,0.0650253
l0.5_52k/mujoco_legs_blind,all,0.125,3168,0.0760732
l0.5_52k/mujoco_legs_blind,all,0.13,3168,0.0890152
l0.5_52k/mujoco_legs_blind,all,0.135,3168,0.0984848
l0.5_52k/mujoco_legs_blind,all,0.14,3168,0.105745
l0.5_52k/mujoco_legs_blind,all,0.145,3168,0.116793
l0.5_52k/mujoco_legs_blind,all,0.15,3168,0.12721
l0.5_52k/mujoco_legs_blind,all,0.155,3168,0.136679
l0.5_52k/mujoco_legs_blind,all,0.16,3168,0.146149
l0.5_52k/mujoco_legs_blind,all,0.165,3168,0.153093
l0.5_52k/mujoco_legs_blind,all,0.17,3168,0.163194
l0.5_52k/mujoco_legs_blind,all,0.175,3168,0.174242
l0.5_52k/mujoco_legs_blind,all,0.18,3168,0.183396
l0.5_52k/mujoco_legs_blind,all,0.185,3168,0.192235
l0.5_52k/mujoco_legs_blind,all,0.19,3168,0.20202
l0.5_52k/mujoco_legs_blind,all,0.195,3168,0.213068
l0.5_52k/mujoco_legs_blind,all,0.2,3168,0.222538
l0.5_52k/mujoco_legs_blind,below,0.01,1887,0
l0.5_52k/mujoco_legs_blind,below,0.015,1887,0
l0.5_52k/mujoco_legs_blind,below,0.02,1887,0
l0.5_52k/mujoco_legs_blind,below,0.025,1887,0
l0.5_52k/mujoco_legs_blind,below,0.03,1887,0
l0.5_52k/mujoco_legs_blind,below,0.035,1887,0
l0.5_52k/mujoco_legs_blind,below,0.04,1887,0
l0.5_52k/mujoco_legs_blind,below,0.045,1887,0
l0.5_52k/mujoco_legs_blind,below,0.05,1887,0
l0.5_52k/mujoco_legs_blind,below,0.055,1887,0
l0.5_52k/mujoco_legs_blind,below,0.06,1887,0
l0.5_52k/mujoco_legs_blind,below,0.065,1887,0
l0.5_52k/mujoco_legs_blind,below,0.07,1887,0
l0.5_52k/mujoco_legs_blind,below,0.075,1887,0
l0.5_52k/mujoco_legs_blind,below,0.08,1887,0
l0.5_52k/mujoco_legs_blind,below,0.085,1887,0.00105988
l0.5_52k/mujoco_legs_blind,below,0.09,1887,0.00105988
l0.5_52k/mujoco_legs_blind,below,0.095,1887,0.00105988
l0.5_52k/mujoco_legs_blind,below,0.1,1887,0.00211977
l0.5_52k/mujoco_legs_blind,below,0.105,1887,0.00317965
l0.5_52k/mujoco_legs_blind,below,0.11,1887,0.00476948
l0.5_52k/mujoco_legs_blind,below,0.115,1887,0.0063593
l0.5_52k/mujoco_legs_blind,below,0.12,1887,0.00688924
l0.5_52k/mujoco_legs_blind,below,0.125,1887,0.00953895
l0.5_52k/mujoco_legs_blind,below,0.13,1887,0.0127186
l0.5_52k/mujoco_legs_blind,below,0.135,1887,0.0132485
l0.5_52k/mujoco_legs_blind,below,0.14,1887,0.0148384
l0.5_52k/mujoco_legs_blind,below,0.145,1887,0.0169581
l0.5_52k/mujoco_legs_blind,below,0.15,1887,0.0201378
l0.5_52k/mujoco_legs_blind,below,0.155,1887,0.0222576
l0.5_52k/mujoco_legs_blind,below,0.16,1887,0.0254372
l0.5_52k/mujoco_legs_blind,below,0.165,1887,0.0259671
l0.5_52k/mujoco_legs_blind,below,0.17,1887,0.0312666
l0.5_52k/mujoco_legs_blind,below,0.175,1887,0.036566
l0.5_52k/mujoco_legs_blind,below,0.18,1887,0.0402756
l0.5_52k/mujoco_legs_blind,below,0.185,1887,0.0434552
l0.5_52k/mujoco_legs_blind,below,0.19,1887,0.0466349
l0.5_52k/mujoco_legs_blind,below,0.195,1887,0.0492846
l0.5_52k/mujoco_legs_blind,below,0.2,1887,0.0540541
l0.5_52k/mujoco_legs_blind,above,0.01,1281,0
l0.5_52k/mujoco_legs_blind,above,0.015,1281,0
l0.5_52k/mujoco_legs_blind,above,0.02,1281,0
l0.5_52k/mujoco_legs_blind,above,0.025,1281,0
l0.5_52k/mujoco_legs_blind,above,0.03,1281,0
l0.5_52k/mujoco_legs_blind,above,0.035,1281,0
l0.5_52k/mujoco_legs_blind,above,0.04,1281,0.00156128
l0.5_52k/mujoco_legs_blind,above,0.045,1281,0.00312256
l0.5_52k/mujoco_legs_blind,above,0.05,1281,0.00624512
l0.5_52k/mujoco_legs_blind,above,0.055,1281,0.0078064
l0.5_52k/mujoco_legs_blind,above,0.06,1281,0.0101483
l0.5_52k/mujoco_legs_blind,above,0.065,1281,0.0132709
l0.5_52k/mujoco_legs_blind,above,0.07,1281,0.0187354
l0.5_52k/mujoco_legs_blind,above,0.075,1281,0.0265418
l0.5_52k/mujoco_legs_blind,above,0.08,1281,0.0382514
l0.5_52k/mujoco_legs_blind,above,0.085,1281,0.0491803
l0.5_52k/mujoco_legs_blind,above,0.09,1281,0.0569867
l0.5_52k/mujoco_legs_blind,above,0.095,1281,0.0671351
l0.5_52k/mujoco_legs_blind,above,0.1,1281,0.0843091
l0.5_52k/mujoco_legs_blind,above,0.105,1281,0.0967994
l0.5_52k/mujoco_legs_blind,above,0.11,1281,0.113193
l0.5_52k/mujoco_legs_blind,above,0.115,1281,0.130367
l0.5_52k/mujoco_legs_blind,above,0.12,1281,0.150664
l0.5_52k/mujoco_legs_blind,above,0.125,1281,0.174083
l0.5_52k/mujoco_legs_blind,above,0.13,1281,0.201405
l0.5_52k/mujoco_legs_blind,above,0.135,1281,0.224044
l0.5_52k/mujoco_legs_blind,above,0.14,1281,0.239657
l0.5_52k/mujoco_legs_blind,above,0.145,1281,0.263856
l0.5_52k/mujoco_legs_blind,above,0.15,1281,0.284934
l0.5_52k/mujoco_legs_blind,above,0.155,1281,0.30523
l0.5_52k/mujoco_legs_blind,above,0.16,1281,0.323966
l0.5_52k/mujoco_legs_blind,above,0.165,1281,0.340359
l0.5_52k/mujoco_legs_blind,above,0.17,1281,0.357533
l0.5_52k/mujoco_legs_blind,above,0.175,1281,0.377049
l0.5_52k/mujoco_legs_blind,above,0.18,1281,0.394223
l0.5_52k/mujoco_legs_blind,above,0.185,1281,0.411397
l0.5_52k/mujoco_legs_blind,above,0.19,1281,0.430913
l0.5_52k/mujoco_legs_blind,above,0.195,1281,0.454333
l0.5_52k/mujoco_legs_blind,above,0.2,1281,0.470726
l0.5_52k/mujoco_trueodom,all,0.01,3168,0
l0.5_52k/mujoco_trueodom,all,0.015,3168,0
l0.5_52k/mujoco_trueodom,all,0.02,3168,0.000631313
l0.5_52k/mujoco_trueodom,all,0.025,3168,0.00347222
l0.5_52k/mujoco_trueodom,all,0.03,3168,0.0135732
l0.5_52k/mujoco_trueodom,all,0.035,3168,0.0208333
l0.5_52k/mujoco_trueodom,all,0.04,3168,0.030303
l0.5_52k/mujoco_trueodom,all,0.045,3168,0.0460859
l0.5_52k/mujoco_trueodom,all,0.05,3168,0.0587121
l0.5_52k/mujoco_trueodom,all,0.055,3168,0.0678662
l0.5_52k/mujoco_trueodom,all,0.06,3168,0.0770202
l0.5_52k/mujoco_trueodom,all,0.065,3168,0.0899621
l0.5_52k/mujoco_trueodom,all,0.07,3168,0.10101
l0.5_52k/mujoco_trueodom,all,0.075,3168,0.114899
l0.5_52k/mujoco_trueodom,all,0.08,3168,0.125316
l0.5_52k/mujoco_trueodom,all,0.085,3168,0.135417
l0.5_52k/mujoco_trueodom,all,0.09,3168,0.144571
l0.5_52k/mujoco_trueodom,all,0.095,3168,0.15846
l0.5_52k/mujoco_trueodom,all,0.1,3168,0.169823
l0.5_52k/mujoco_trueodom,all,0.105,3168,0.179924
l0.5_52k/mujoco_trueodom,all,0.11,3168,0.190657
l0.5_52k/mujoco_trueodom,all,0.115,3168,0.201389
l0.5_52k/mujoco_trueodom,all,0.12,3168,0.213699
l0.5_52k/mujoco_trueodom,all,0.125,3168,0.223485
l0.5_52k/mujoco_trueodom,all,0.13,3168,0.236742
l0.5_52k/mujoco_trueodom,all,0.135,3168,0.250947
l0.5_52k/mujoco_trueodom,all,0.14,3168,0.265467
l0.5_52k/mujoco_trueodom,all,0.145,3168,0.275884
l0.5_52k/mujoco_trueodom,all,0.15,3168,0.286616
l0.5_52k/mujoco_trueodom,all,0.155,3168,0.295139
l0.5_52k/mujoco_trueodom,all,0.16,3168,0.310606
l0.5_52k/mujoco_trueodom,all,0.165,3168,0.32197
l0.5_52k/mujoco_trueodom,all,0.17,3168,0.335543
l0.5_52k/mujoco_trueodom,all,0.175,3168,0.351641
l0.5_52k/mujoco_trueodom,all,0.18,3168,0.361111
l0.5_52k/mujoco_trueodom,all,0.185,3168,0.373737
l0.5_52k/mujoco_trueodom,all,0.19,3168,0.38447
l0.5_52k/mujoco_trueodom,all,0.195,3168,0.398043
l0.5_52k/mujoco_trueodom,all,0.2,3168,0.411932
l0.5_52k/mujoco_trueodom,below,0.01,1887,0
l0.5_52k/mujoco_trueodom,below,0.015,1887,0
l0.5_52k/mujoco_trueodom,below,0.02,1887,0
l0.5_52k/mujoco_trueodom,below,0.025,1887,0
l0.5_52k/mujoco_trueodom,below,0.03,1887,0.00105988
l0.5_52k/mujoco_trueodom,below,0.035,1887,0.00158983
l0.5_52k/mujoco_trueodom,below,0.04,1887,0.00264971
l0.5_52k/mujoco_trueodom,below,0.045,1887,0.00688924
l0.5_52k/mujoco_trueodom,below,0.05,1887,0.00794913
l0.5_52k/mujoco_trueodom,below,0.055,1887,0.0100689
l0.5_52k/mujoco_trueodom,below,0.06,1887,0.0116587
l0.5_52k/mujoco_trueodom,below,0.065,1887,0.0169581
l0.5_52k/mujoco_trueodom,below,0.07,1887,0.0201378
l0.5_52k/mujoco_trueodom,below,0.075,1887,0.0243773
l0.5_52k/mujoco_trueodom,below,0.08,1887,0.0296767
l0.5_52k/mujoco_trueodom,below,0.085,1887,0.0349762
l0.5_52k/mujoco_trueodom,below,0.09,1887,0.0370959
l0.5_52k/mujoco_trueodom,below,0.095,1887,0.0423953
l0.5_52k/mujoco_trueodom,below,0.1,1887,0.045575
l0.5_52k/mujoco_trueodom,below,0.105,1887,0.0487546
l0.5_52k/mujoco_trueodom,below,0.11,1887,0.0524642
l0.5_52k/mujoco_trueodom,below,0.115,1887,0.0561738
l0.5_52k/mujoco_trueodom,below,0.12,1887,0.0604134
l0.5_52k/mujoco_trueodom,below,0.125,1887,0.0657128
l0.5_52k/mujoco_trueodom,below,0.13,1887,0.0741918
l0.5_52k/mujoco_trueodom,below,0.135,1887,0.0805511
l0.5_52k/mujoco_trueodom,below,0.14,1887,0.0863805
l0.5_52k/mujoco_trueodom,below,0.145,1887,0.0916799
l0.5_52k/mujoco_trueodom,below,0.15,1887,0.0980392
l0.5_52k/mujoco_trueodom,below,0.155,1887,0.104399
l0.5_52k/mujoco_trueodom,below,0.16,1887,0.112348
l0.5_52k/mujoco_trueodom,below,0.165,1887,0.120297
l0.5_52k/mujoco_trueodom,below,0.17,1887,0.128776
l0.5_52k/mujoco_trueodom,below,0.175,1887,0.142024
l0.5_52k/mujoco_trueodom,below,0.18,1887,0.148914
l0.5_52k/mujoco_trueodom,below,0.185,1887,0.156863
l0.5_52k/mujoco_trueodom,below,0.19,1887,0.164812
l0.5_52k/mujoco_trueodom,below,0.195,1887,0.176471
l0.5_52k/mujoco_trueodom,below,0.2,1887,0.188129
l0.5_52k/mujoco_trueodom,above,0.01,1281,0
l0.5_52k/mujoco_trueodom,above,0.015,1281,0
l0.5_52k/mujoco_trueodom,above,0.02,1281,0.00156128
l0.5_52k/mujoco_trueodom,above,0.025,1281,0.00858704
l0.5_52k/mujoco_trueodom,above,0.03,1281,0.0320062
l0.5_52k/mujoco_trueodom,above,0.035,1281,0.0491803
l0.5_52k/mujoco_trueodom,above,0.04,1281,0.0710383
l0.5_52k/mujoco_trueodom,above,0.045,1281,0.103825
l0.5_52k/mujoco_trueodom,above,0.05,1281,0.133489
l0.5_52k/mujoco_trueodom,above,0.055,1281,0.153005
l0.5_52k/mujoco_trueodom,above,0.06,1281,0.173302
l0.5_52k/mujoco_trueodom,above,0.065,1281,0.197502
l0.5_52k/mujoco_trueodom,above,0.07,1281,0.220141
l0.5_52k/mujoco_trueodom,above,0.075,1281,0.248244
l0.5_52k/mujoco_trueodom,above,0.08,1281,0.266198
l0.5_52k/mujoco_trueodom,above,0.085,1281,0.283372
l0.5_52k/mujoco_trueodom,above,0.09,1281,0.302888
l0.5_52k/mujoco_trueodom,above,0.095,1281,0.32943
l0.5_52k/mujoco_trueodom,above,0.1,1281,0.352849
l0.5_52k/mujoco_trueodom,above,0.105,1281,0.373146
l0.5_52k/mujoco_trueodom,above,0.11,1281,0.394223
l0.5_52k/mujoco_trueodom,above,0.115,1281,0.415301
l0.5_52k/mujoco_trueodom,above,0.12,1281,0.4395
l0.5_52k/mujoco_trueodom,above,0.125,1281,0.455894
l0.5_52k/mujoco_trueodom,above,0.13,1281,0.47619
l0.5_52k/mujoco_trueodom,above,0.135,1281,0.501952
l0.5_52k/mujoco_trueodom,above,0.14,1281,0.529274
l0.5_52k/mujoco_trueodom,above,0.145,1281,0.547229
l0.5_52k/mujoco_trueodom,above,0.15,1281,0.564403
l0.5_52k/mujoco_trueodom,above,0.155,1281,0.576112
l0.5_52k/mujoco_trueodom,above,0.16,1281,0.602654
l0.5_52k/mujoco_trueodom,above,0.165,1281,0.619048
l0.5_52k/mujoco_trueodom,above,0.17,1281,0.640125
l0.5_52k/mujoco_trueodom,above,0.175,1281,0.660422
l0.5_52k/mujoco_trueodom,above,0.18,1281,0.673692
l0.5_52k/mujoco_trueodom,above,0.185,1281,0.693208
l0.5_52k/mujoco_trueodom,above,0.19,1281,0.708041
l0.5_52k/mujoco_trueodom,above,0.195,1281,0.724434
l0.5_52k/mujoco_trueodom,above,0.2,1281,0.741608
