label,command,vx_cmd,vy_cmd,wz_cmd,n,falls,vx,vy,wz,err_xy,err_yaw,ratio,lambda_share
l0,stand,0,0,0,256,0,0.000644272,0.0015555,-0.00639166,0.0100721,0.0131535,nan,0
l0,forward,0.5,0,0,256,0,0.542533,-0.028395,-0.0474076,0.0535248,0.0477202,1.08507,0
l0,slow forward,0.2,0,0,256,0,0.223118,0.00130924,-0.0675299,0.0280649,0.067552,1.11559,0
l0,backward,-0.4,0,0,256,0,-0.413312,0.0187455,-0.0473489,0.0333765,0.0476149,1.03328,0
l0,left,0,0.25,0,256,0,0.0238807,0.277643,-0.0564624,0.0403985,0.056503,1.11057,0
l0,right,0,-0.25,0,256,0,0.0224261,-0.240827,-0.06923,0.0291626,0.0694368,0.963308,0
l0,turn left,0,0,0.4,256,0,-0.0153668,-0.0107435,0.372979,0.0260207,0.0281705,0.932447,0
l0,turn right,0,0,-0.4,256,0,0.0388733,0.049052,-0.48862,0.0648549,0.0886197,1.22155,0
l0,forward + turn,0.3,0,0.3,256,0,0.333026,-0.028809,0.237586,0.046134,0.0624142,1.11009,0
