condition,bin_mid,n,success,success_lo,success_hi,pelvis_h_last1s_med,pelvis_h_last1s_q25,pelvis_h_last1s_q75
l0.5/isaac,-0.05,24,0,0,0.137981,,,
l0.5/isaac,0.05,75,0,0,0.0487255,,,
l0.5/isaac,0.15,120,0,0,0.0310203,,,
l0.5/isaac,0.25,165,0,0,0.0227527,,,
l0.5/isaac,0.35,201,0,0,0.018754,,,
l0.5/isaac,0.45,237,0,0,0.0159507,,,
l0.5/isaac,0.55,255,0,0,0.0148415,,,
l0.5/isaac,0.65,267,0.00374532,0.00066143,0.0209069,,,
l0.5/isaac,0.75,282,0.0248227,0.0120749,0.0503429,,,
l0.5/isaac,0.85,288,0.0798611,0.0538025,0.116981,,,
l0.5/isaac,0.95,288,0.0833333,0.0566371,0.120999,,,
l0.5/isaac,1.05,264,0.0909091,0.0618512,0.131702,,,
l0.5/isaac,1.15,213,0.112676,0.0768958,0.16218,,,
l0.5/isaac,1.25,168,0.0833333,0.0502869,0.135009,,,
l0.5/isaac,1.35,123,0.097561,0.0566922,0.162807,,,
l0.5/isaac,1.45,87,0.0574713,0.0247953,0.127575,,,
l0.5/isaac,1.55,51,0.0588235,0.0202063,0.159249,,,
l0.5/isaac,1.65,33,0,0,0.104273,,,
l0.5/isaac,1.75,21,0,0,0.154644,,,
l0.5_52k/isaac,-0.05,24,0,0,0.137981,,,
l0.5_52k/isaac,0.05,75,0,0,0.0487255,,,
l0.5_52k/isaac,0.15,120,0,0,0.0310203,,,
l0.5_52k/isaac,0.25,165,0,0,0.0227527,,,
l0.5_52k/isaac,0.35,201,0,0,0.018754,,,
l0.5_52k/isaac,0.45,237,0,0,0.0159507,,,
l0.5_52k/isaac,0.55,255,0,0,0.0148415,,,
l0.5_52k/isaac,0.65,267,0,0,0.0141839,,,
l0.5_52k/isaac,0.75,282,0.0070922,0.00194706,0.0254863,,,
l0.5_52k/isaac,0.85,288,0.0277778,0.0141411,0.0538465,,,
l0.5_52k/isaac,0.95,288,0.0729167,0.0481832,0.108894,,,
l0.5_52k/isaac,1.05,264,0.106061,0.0744041,0.149018,,,
l0.5_52k/isaac,1.15,213,0.14554,0.104464,0.199175,,,
l0.5_52k/isaac,1.25,168,0.125,0.0832294,0.183537,,,
l0.5_52k/isaac,1.35,123,0.121951,0.0753135,0.191489,,,
l0.5_52k/isaac,1.45,87,0.0689655,0.0319884,0.142399,,,
l0.5_52k/isaac,1.55,51,0.0588235,0.0202063,0.159249,,,
l0.5_52k/isaac,1.65,33,0.030303,0.00536927,0.153191,,,
l0.5_52k/isaac,1.75,21,0,0,0.154644,,,
golem_ik/kinematic,-0.05,24,0,0,0.137981,,,
golem_ik/kinematic,0.05,75,0,0,0.0487255,,,
golem_ik/kinematic,0.15,120,0,0,0.0310203,,,
golem_ik/kinematic,0.25,165,0,0,0.0227527,,,
golem_ik/kinematic,0.35,201,0,0,0.018754,,,
golem_ik/kinematic,0.45,237,0,0,0.0159507,,,
golem_ik/kinematic,0.55,255,0,0,0.0148415,,,
golem_ik/kinematic,0.65,267,0,0,0.0141839,,,
golem_ik/kinematic,0.75,282,0,0,0.0134396,,,
golem_ik/kinematic,0.85,288,0,0,0.0131633,,,
golem_ik/kinematic,0.95,288,0.09375,0.0652307,0.132964,,,
golem_ik/kinematic,1.05,264,0.242424,0.194662,0.297575,,,
golem_ik/kinematic,1.15,213,0.375587,0.313295,0.442287,,,
golem_ik/kinematic,1.25,168,0.422619,0.350471,0.498227,,,
golem_ik/kinematic,1.35,123,0.479675,0.393345,0.567236,,,
golem_ik/kinematic,1.45,87,0.494253,0.391681,0.597311,,,
golem_ik/kinematic,1.55,51,0.490196,0.358573,0.623193,,,
golem_ik/kinematic,1.65,33,0.484848,0.325038,0.647819,,,
golem_ik/kinematic,1.75,21,0.47619,0.283437,0.676308,,,
l0.5/isaac,-0.05,24,,,,0.705488,0.694083,0.725703
l0.5/isaac,0.05,75,,,,0.713368,0.695899,0.731546
l0.5/isaac,0.15,120,,,,0.718162,0.704103,0.734535
l0.5/isaac,0.25,165,,,,0.724769,0.708074,0.739994
l0.5/isaac,0.35,201,,,,0.725741,0.710666,0.74145
l0.5/isaac,0.45,237,,,,0.729878,0.715195,0.747222
l0.5/isaac,0.55,255,,,,0.736039,0.719739,0.750923
l0.5/isaac,0.65,267,,,,0.7433,0.727408,0.75597
l0.5/isaac,0.75,282,,,,0.748845,0.734461,0.765652
l0.5/isaac,0.85,288,,,,0.758859,0.746582,0.773837
l0.5/isaac,0.95,288,,,,0.768688,0.758432,0.786191
l0.5/isaac,1.05,264,,,,0.779135,0.768032,0.794982
l0.5/isaac,1.15,213,,,,0.789771,0.777019,0.806258
l0.5/isaac,1.25,168,,,,0.798509,0.783875,0.815195
l0.5/isaac,1.35,123,,,,0.805966,0.790029,0.826709
l0.5/isaac,1.45,87,,,,0.812492,0.799199,0.831592
l0.5/isaac,1.55,51,,,,0.812821,0.803259,0.837107
l0.5/isaac,1.65,33,,,,0.816707,0.806543,0.838362
l0.5/isaac,1.75,21,,,,0.828464,0.816413,0.847972
l0.5_52k/isaac,-0.05,24,,,,0.770017,0.763685,0.776088
l0.5_52k/isaac,0.05,75,,,,0.774217,0.764074,0.78116
l0.5_52k/isaac,0.15,120,,,,0.771255,0.760679,0.781455
l0.5_52k/isaac,0.25,165,,,,0.774539,0.763023,0.782987
l0.5_52k/isaac,0.35,201,,,,0.774666,0.763706,0.783926
l0.5_52k/isaac,0.45,237,,,,0.774352,0.767561,0.785027
l0.5_52k/isaac,0.55,255,,,,0.779398,0.769474,0.790647
l0.5_52k/isaac,0.65,267,,,,0.783509,0.771332,0.795899
l0.5_52k/isaac,0.75,282,,,,0.787442,0.778586,0.799063
l0.5_52k/isaac,0.85,288,,,,0.797896,0.785389,0.811139
l0.5_52k/isaac,0.95,288,,,,0.806163,0.793534,0.820002
l0.5_52k/isaac,1.05,264,,,,0.814809,0.801635,0.8289
l0.5_52k/isaac,1.15,213,,,,0.825519,0.813978,0.837373
l0.5_52k/isaac,1.25,168,,,,0.83454,0.818288,0.847842
l0.5_52k/isaac,1.35,123,,,,0.839589,0.823426,0.852397
l0.5_52k/isaac,1.45,87,,,,0.842097,0.828909,0.856726
l0.5_52k/isaac,1.55,51,,,,0.852113,0.840064,0.863231
l0.5_52k/isaac,1.65,33,,,,0.859255,0.847424,0.868145
l0.5_52k/isaac,1.75,21,,,,0.871011,0.858946,0.88557
golem_ik/kinematic,-0.05,24,,,,1.0024,1.0024,1.0024
golem_ik/kinematic,0.05,75,,,,1.0024,1.0024,1.0024
golem_ik/kinematic,0.15,120,,,,1.0024,1.0024,1.0024
golem_ik/kinematic,0.25,165,,,,1.0024,1.0024,1.0024
golem_ik/kinematic,0.35,201,,,,1.0024,1.0024,1.0024
golem_ik/kinematic,0.45,237,,,,1.0024,1.0024,1.0024
golem_ik/kinematic,0.55,255,,,,1.0024,1.0024,1.0024
golem_ik/kinematic,0.65,267,,,,1.0024,1.0024,1.0024
golem_ik/kinematic,0.75,282,,,,1.0024,1.0024,1.0024
golem_ik/kinematic,0.85,288,,,,1.0024,1.0024,1.0024
golem_ik/kinematic,0.95,288,,,,1.0024,1.0024,1.0024
golem_ik/kinematic,1.05,264,,,,1.0024,1.0024,1.0024
golem_ik/kinematic,1.15,213,,,,1.0024,1.0024,1.0024
golem_ik/kinematic,1.25,168,,,,1.0024,1.0024,1.0024
golem_ik/kinematic,1.35,123,,,,1.0024,1.0024,1.0024
golem_ik/kinematic,1.45,87,,,,1.0024,1.0024,1.0024
golem_ik/kinematic,1.55,51,,,,1.0024,1.0024,1.0024
golem_ik/kinematic,1.65,33,,,,1.0024,1.0024,1.0024
golem_ik/kinematic,1.75,21,,,,1.0024,1.0024,1.0024
