condition,depth,n,success,lo,hi,pelvis_h_med,q25,q75
golem_ik/kinematic,0,288,0.451389,0.394931,0.509126,,,
golem_ik/kinematic,0.1,288,0.371528,0.317753,0.428684,,,
golem_ik/kinematic,0.2,288,0.25,0.203502,0.30308,,,
golem_ik/kinematic,0.3,288,0.142361,0.106704,0.187434,,,
golem_ik/kinematic,0.4,288,0.100694,0.0710274,0.140874,,,
golem_ik/kinematic,0.5,288,0.0347222,0.0189676,0.062726,,,
golem_ik/kinematic,0.6,288,0.0173611,0.00743774,0.0399907,,,
golem_ik/kinematic,0.7,288,0.00694444,0.00190645,0.0249629,,,
golem_ik/kinematic,0.8,288,0.00347222,0.00061318,0.0194032,,,
golem_ik/kinematic,0.9,288,0,0,0.0131633,,,
golem_ik/kinematic,1,288,0,0,0.0131633,,,
golem_ik/kinematic,0,288,,,,1.0024,1.0024,1.0024
golem_ik/kinematic,0.1,288,,,,1.0024,1.0024,1.0024
golem_ik/kinematic,0.2,288,,,,1.0024,1.0024,1.0024
golem_ik/kinematic,0.3,288,,,,1.0024,1.0024,1.0024
golem_ik/kinematic,0.4,288,,,,1.0024,1.0024,1.0024
golem_ik/kinematic,0.5,288,,,,1.0024,1.0024,1.0024
golem_ik/kinematic,0.6,288,,,,1.0024,1.0024,1.0024
golem_ik/kinematic,0.7,288,,,,1.0024,1.0024,1.0024
golem_ik/kinematic,0.8,288,,,,1.0024,1.0024,1.0024
golem_ik/kinematic,0.9,288,,,,1.0024,1.0024,1.0024
golem_ik/kinematic,1,288,,,,1.0024,1.0024,1.0024
