condition,bin_mid,n,success,success_lo,success_hi
l1/isaac,-0.05,24,0,0,0.137981
l1/isaac,0.05,75,0,0,0.0487255
l1/isaac,0.15,120,0,0,0.0310203
l1/isaac,0.25,165,0,0,0.0227527
l1/isaac,0.35,201,0,0,0.018754
l1/isaac,0.45,237,0,0,0.0159507
l1/isaac,0.55,255,0,0,0.0148415
l1/isaac,0.65,267,0.00374532,0.00066143,0.0209069
l1/isaac,0.75,282,0.0390071,0.021918,0.0684873
l1/isaac,0.85,288,0.118056,0.0857225,0.160444
l1/isaac,0.95,288,0.131944,0.0976596,0.175919
l1/isaac,1.05,264,0.143939,0.106698,0.191395
l1/isaac,1.15,213,0.117371,0.0807762,0.167523
l1/isaac,1.25,168,0.0892857,0.0548542,0.142081
l1/isaac,1.35,123,0.0731707,0.0389699,0.133226
l1/isaac,1.45,87,0.0689655,0.0319884,0.142399
l1/isaac,1.55,51,0.0392157,0.0108209,0.132165
l1/isaac,1.65,33,0,0,0.104273
l1/isaac,1.75,21,0,0,0.154644
l0.5/isaac,-0.05,24,0,0,0.137981
l0.5/isaac,0.05,75,0,0,0.0487255
l0.5/isaac,0.15,120,0,0,0.0310203
l0.5/isaac,0.25,165,0,0,0.0227527
l0.5/isaac,0.35,201,0,0,0.018754
l0.5/isaac,0.45,237,0,0,0.0159507
l0.5/isaac,0.55,255,0,0,0.0148415
l0.5/isaac,0.65,267,0.00374532,0.00066143,0.0209069
l0.5/isaac,0.75,282,0.0248227,0.0120749,0.0503429
l0.5/isaac,0.85,288,0.0798611,0.0538025,0.116981
l0.5/isaac,0.95,288,0.0833333,0.0566371,0.120999
l0.5/isaac,1.05,264,0.0909091,0.0618512,0.131702
l0.5/isaac,1.15,213,0.112676,0.0768958,0.16218
l0.5/isaac,1.25,168,0.0833333,0.0502869,0.135009
l0.5/isaac,1.35,123,0.097561,0.0566922,0.162807
l0.5/isaac,1.45,87,0.0574713,0.0247953,0.127575
l0.5/isaac,1.55,51,0.0588235,0.0202063,0.159249
l0.5/isaac,1.65,33,0,0,0.104273
l0.5/isaac,1.75,21,0,0,0.154644
l0/isaac,-0.05,24,0,0,0.137981
l0/isaac,0.05,75,0,0,0.0487255
l0/isaac,0.15,120,0,0,0.0310203
l0/isaac,0.25,165,0,0,0.0227527
l0/isaac,0.35,201,0,0,0.018754
l0/isaac,0.45,237,0,0,0.0159507
l0/isaac,0.55,255,0,0,0.0148415
l0/isaac,0.65,267,0.0411985,0.0231576,0.0722547
l0/isaac,0.75,282,0.0851064,0.0578564,0.123508
l0/isaac,0.85,288,0.138889,0.103681,0.183604
l0/isaac,0.95,288,0.152778,0.115819,0.198878
l0/isaac,1.05,264,0.128788,0.0936444,0.17458
l0/isaac,1.15,213,0.084507,0.0541214,0.129615
l0/isaac,1.25,168,0.0416667,0.0203273,0.0834986
l0/isaac,1.35,123,0.0325203,0.0127176,0.0806398
l0/isaac,1.45,87,0.0344828,0.0117956,0.0965424
l0/isaac,1.55,51,0.0196078,0.0034696,0.103048
l0/isaac,1.65,33,0.030303,0.00536927,0.153191
l0/isaac,1.75,21,0,0,0.154644
whole/isaac,-0.05,24,0,0,0.137981
whole/isaac,0.05,75,0,0,0.0487255
whole/isaac,0.15,120,0,0,0.0310203
whole/isaac,0.25,165,0,0,0.0227527
whole/isaac,0.35,201,0,0,0.018754
whole/isaac,0.45,237,0,0,0.0159507
whole/isaac,0.55,255,0,0,0.0148415
whole/isaac,0.65,267,0,0,0.0141839
whole/isaac,0.75,282,0.0035461,0.000626232,0.0198103
whole/isaac,0.85,288,0,0,0.0131633
whole/isaac,0.95,288,0.0138889,0.00541393,0.0351615
whole/isaac,1.05,264,0.0227273,0.0104566,0.0486888
whole/isaac,1.15,213,0.0422535,0.0223862,0.0783399
whole/isaac,1.25,168,0.0654762,0.0369505,0.11343
whole/isaac,1.35,123,0.0487805,0.0225455,0.102347
whole/isaac,1.45,87,0,0,0.042289
whole/isaac,1.55,51,0.0392157,0.0108209,0.132165
whole/isaac,1.65,33,0,0,0.104273
whole/isaac,1.75,21,0,0,0.154644
l0.5_52k/isaac,-0.05,24,0,0,0.137981
l0.5_52k/isaac,0.05,75,0,0,0.0487255
l0.5_52k/isaac,0.15,120,0,0,0.0310203
l0.5_52k/isaac,0.25,165,0,0,0.0227527
l0.5_52k/isaac,0.35,201,0,0,0.018754
l0.5_52k/isaac,0.45,237,0,0,0.0159507
l0.5_52k/isaac,0.55,255,0,0,0.0148415
l0.5_52k/isaac,0.65,267,0,0,0.0141839
l0.5_52k/isaac,0.75,282,0.0070922,0.00194706,0.0254863
l0.5_52k/isaac,0.85,288,0.0277778,0.0141411,0.0538465
l0.5_52k/isaac,0.95,288,0.0729167,0.0481832,0.108894
l0.5_52k/isaac,1.05,264,0.106061,0.0744041,0.149018
l0.5_52k/isaac,1.15,213,0.14554,0.104464,0.199175
l0.5_52k/isaac,1.25,168,0.125,0.0832294,0.183537
l0.5_52k/isaac,1.35,123,0.121951,0.0753135,0.191489
l0.5_52k/isaac,1.45,87,0.0689655,0.0319884,0.142399
l0.5_52k/isaac,1.55,51,0.0588235,0.0202063,0.159249
l0.5_52k/isaac,1.65,33,0.030303,0.00536927,0.153191
l0.5_52k/isaac,1.75,21,0,0,0.154644
l1/isaac_legs_blind,-0.05,24,0,0,0.137981
l1/isaac_legs_blind,0.05,75,0,0,0.0487255
l1/isaac_legs_blind,0.15,120,0,0,0.0310203
l1/isaac_legs_blind,0.25,165,0,0,0.0227527
l1/isaac_legs_blind,0.35,201,0,0,0.018754
l1/isaac_legs_blind,0.45,237,0,0,0.0159507
l1/isaac_legs_blind,0.55,255,0,0,0.0148415
l1/isaac_legs_blind,0.65,267,0.00374532,0.00066143,0.0209069
l1/isaac_legs_blind,0.75,282,0.0177305,0.00759648,0.0408275
l1/isaac_legs_blind,0.85,288,0.0520833,0.0318137,0.0841451
l1/isaac_legs_blind,0.95,288,0.0659722,0.0426379,0.100733
l1/isaac_legs_blind,1.05,264,0.0606061,0.0376457,0.0961707
l1/isaac_legs_blind,1.15,213,0.0422535,0.0223862,0.0783399
l1/isaac_legs_blind,1.25,168,0.047619,0.0243237,0.0911408
l1/isaac_legs_blind,1.35,123,0.0162602,0.00447041,0.0573516
l1/isaac_legs_blind,1.45,87,0.0114943,0.00203186,0.0622735
l1/isaac_legs_blind,1.55,51,0.0196078,0.0034696,0.103048
l1/isaac_legs_blind,1.65,33,0,0,0.104273
l1/isaac_legs_blind,1.75,21,0,0,0.154644
l1/isaac_arms_ik,0.05,25,0,0,0.133196
l1/isaac_arms_ik,0.15,40,0,0,0.0876245
l1/isaac_arms_ik,0.25,55,0,0,0.0652871
l1/isaac_arms_ik,0.35,67,0,0,0.054228
l1/isaac_arms_ik,0.45,79,0,0,0.0463728
l1/isaac_arms_ik,0.55,85,0,0,0.043241
l1/isaac_arms_ik,0.65,89,0,0,0.041378
l1/isaac_arms_ik,0.75,94,0.0212766,0.00585421,0.0742917
l1/isaac_arms_ik,0.85,96,0.03125,0.0106839,0.0878883
l1/isaac_arms_ik,0.95,96,0.03125,0.0106839,0.0878883
l1/isaac_arms_ik,1.05,88,0.0113636,0.00200873,0.0615964
l1/isaac_arms_ik,1.15,71,0,0,0.0513297
l1/isaac_arms_ik,1.25,56,0,0,0.0641961
l1/isaac_arms_ik,1.35,41,0,0,0.0856704
l1/isaac_arms_ik,1.45,29,0,0,0.116974
l1/isaac_arms_ik,1.55,17,0,0,0.184324
l1/isaac_arms_ik,1.65,11,0,2.77556e-17,0.25884
golem_ik/kinematic,-0.05,24,0,0,0.137981
golem_ik/kinematic,0.05,75,0,0,0.0487255
golem_ik/kinematic,0.15,120,0,0,0.0310203
golem_ik/kinematic,0.25,165,0,0,0.0227527
golem_ik/kinematic,0.35,201,0,0,0.018754
golem_ik/kinematic,0.45,237,0,0,0.0159507
golem_ik/kinematic,0.55,255,0,0,0.0148415
golem_ik/kinematic,0.65,267,0,0,0.0141839
golem_ik/kinematic,0.75,282,0,0,0.0134396
golem_ik/kinematic,0.85,288,0,0,0.0131633
golem_ik/kinematic,0.95,288,0.09375,0.0652307,0.132964
golem_ik/kinematic,1.05,264,0.242424,0.194662,0.297575
golem_ik/kinematic,1.15,213,0.375587,0.313295,0.442287
golem_ik/kinematic,1.25,168,0.422619,0.350471,0.498227
golem_ik/kinematic,1.35,123,0.479675,0.393345,0.567236
golem_ik/kinematic,1.45,87,0.494253,0.391681,0.597311
golem_ik/kinematic,1.55,51,0.490196,0.358573,0.623193
golem_ik/kinematic,1.65,33,0.484848,0.325038,0.647819
golem_ik/kinematic,1.75,21,0.47619,0.283437,0.676308
